ticker,expiry,otm_put_iv,otm_call_iv,iv_skew,index,index_name,timestamp
AAPL,2025-10-10,0.20834125,0.2500075,-0.0416662499999999,US_SP500,S&P 500 (USA),2025-10-10 10:18:19.314247
GOOGL,2025-10-10,0.20834125,0.20834125,0.0,US_SP500,S&P 500 (USA),2025-10-10 10:18:19.314247
AMZN,2025-10-10,0.20834125,0.2500075,-0.0416662499999999,US_SP500,S&P 500 (USA),2025-10-10 10:18:19.314247
NVDA,2025-10-10,0.2500075,0.20834125,0.0416662499999999,US_SP500,S&P 500 (USA),2025-10-10 10:18:19.314247
MSFT,2025-10-10,0.2500075,0.20834125,0.0416662499999999,US_SP500,S&P 500 (USA),2025-10-10 10:18:19.314247
V,2025-10-10,0.2500075,0.2500075,0.0,US_SP500,S&P 500 (USA),2025-10-10 10:18:19.314247
JPM,2025-10-10,0.2500075,0.20834125,0.0416662499999999,US_SP500,S&P 500 (USA),2025-10-10 10:18:19.314247
BRK-B,2025-10-10,0.20834125,0.20834125,0.0,US_SP500,S&P 500 (USA),2025-10-10 10:18:19.314247
TSLA,2025-10-10,0.2500075,0.2500075,0.0,US_SP500,S&P 500 (USA),2025-10-10 10:18:19.314247
JNJ,2025-10-10,0.20834125,0.187508125,0.020833125,US_SP500,S&P 500 (USA),2025-10-10 10:18:19.314247
PG,2025-10-10,0.2500075,0.20834125,0.0416662499999999,US_SP500,S&P 500 (USA),2025-10-10 10:18:19.314247
WMT,2025-10-10,0.2500075,0.2500075,0.0,US_SP500,S&P 500 (USA),2025-10-10 10:18:19.314247
META,2025-10-10,0.2500075,0.2500075,0.0,US_SP500,S&P 500 (USA),2025-10-10 10:18:19.314247
HD,2025-10-10,0.20834125,0.2500075,-0.0416662499999999,US_SP500,S&P 500 (USA),2025-10-10 10:18:19.314247
MA,2025-10-10,0.2500075,0.2500075,0.0,US_SP500,S&P 500 (USA),2025-10-10 10:18:19.314247
MRK,2025-10-10,0.2500075,0.2500075,0.0,US_SP500,S&P 500 (USA),2025-10-10 10:18:19.314247
ABBV,2025-10-10,0.20834125,0.20834125,0.0,US_SP500,S&P 500 (USA),2025-10-10 10:18:19.314247
CVX,2025-10-10,0.2500075,0.187508125,0.0624993749999999,US_SP500,S&P 500 (USA),2025-10-10 10:18:19.314247
PEP,2025-10-10,0.2500075,0.166675,0.0833325,US_SP500,S&P 500 (USA),2025-10-10 10:18:19.314247
KO,2025-10-10,0.2500075,0.2500075,0.0,US_SP500,S&P 500 (USA),2025-10-10 10:18:19.314247
AMZN,2025-10-10,0.20834125,0.2500075,-0.0416662499999999,US_NASDAQ,NASDAQ 100 (USA Tech),2025-10-10 10:18:19.314247
NVDA,2025-10-10,0.2500075,0.20834125,0.0416662499999999,US_NASDAQ,NASDAQ 100 (USA Tech),2025-10-10 10:18:19.314247
AAPL,2025-10-10,0.20834125,0.2500075,-0.0416662499999999,US_NASDAQ,NASDAQ 100 (USA Tech),2025-10-10 10:18:19.314247
MSFT,2025-10-10,0.2500075,0.20834125,0.0416662499999999,US_NASDAQ,NASDAQ 100 (USA Tech),2025-10-10 10:18:19.314247
META,2025-10-10,0.2500075,0.2500075,0.0,US_NASDAQ,NASDAQ 100 (USA Tech),2025-10-10 10:18:19.314247
GOOGL,2025-10-10,0.20834125,0.20834125,0.0,US_NASDAQ,NASDAQ 100 (USA Tech),2025-10-10 10:18:19.314247
AVGO,2025-10-10,0.2500075,0.2500075,0.0,US_NASDAQ,NASDAQ 100 (USA Tech),2025-10-10 10:18:19.314247
AMD,2025-10-10,0.187508125,0.12500875,0.0624993749999999,US_NASDAQ,NASDAQ 100 (USA Tech),2025-10-10 10:18:19.314247
TSLA,2025-10-10,0.2500075,0.2500075,0.0,US_NASDAQ,NASDAQ 100 (USA Tech),2025-10-10 10:18:19.314247
NFLX,2025-10-10,0.2500075,0.2500075,0.0,US_NASDAQ,NASDAQ 100 (USA Tech),2025-10-10 10:18:19.314247
CSCO,2025-10-10,0.2500075,0.20834125,0.0416662499999999,US_NASDAQ,NASDAQ 100 (USA Tech),2025-10-10 10:18:19.314247
INTC,2025-10-10,0.2500075,0.20834125,0.0416662499999999,US_NASDAQ,NASDAQ 100 (USA Tech),2025-10-10 10:18:19.314247
ADBE,2025-10-10,0.2500075,0.2500075,0.0,US_NASDAQ,NASDAQ 100 (USA Tech),2025-10-10 10:18:19.314247
TXN,2025-10-10,0.20834125,0.20834125,0.0,US_NASDAQ,NASDAQ 100 (USA Tech),2025-10-10 10:18:19.314247
QCOM,2025-10-10,0.20834125,0.2500075,-0.0416662499999999,US_NASDAQ,NASDAQ 100 (USA Tech),2025-10-10 10:18:19.314247
INTU,2025-10-10,0.187508125,0.2500075,-0.0624993749999999,US_NASDAQ,NASDAQ 100 (USA Tech),2025-10-10 10:18:19.314247
AMAT,2025-10-10,0.20834125,0.2500075,-0.0416662499999999,US_NASDAQ,NASDAQ 100 (USA Tech),2025-10-10 10:18:19.314247
LRCX,2025-10-10,0.2500075,0.2500075,0.0,US_NASDAQ,NASDAQ 100 (USA Tech),2025-10-10 10:18:19.314247
MU,2025-10-10,0.20834125,0.20834125,0.0,US_NASDAQ,NASDAQ 100 (USA Tech),2025-10-10 10:18:19.314247
KLAC,2025-10-17,0.062509375,0.062509375,0.0,US_NASDAQ,NASDAQ 100 (USA Tech),2025-10-10 10:18:19.314247
HD,2025-10-10,0.20834125,0.2500075,-0.0416662499999999,US_DOW,Dow Jones (USA),2025-10-10 10:18:19.314247
MSFT,2025-10-10,0.2500075,0.20834125,0.0416662499999999,US_DOW,Dow Jones (USA),2025-10-10 10:18:19.314247
AAPL,2025-10-10,0.20834125,0.2500075,-0.0416662499999999,US_DOW,Dow Jones (USA),2025-10-10 10:18:19.314247
UNH,2025-10-10,0.2500075,0.20834125,0.0416662499999999,US_DOW,Dow Jones (USA),2025-10-10 10:18:19.314247
GS,2025-10-10,0.2500075,0.2500075,0.0,US_DOW,Dow Jones (USA),2025-10-10 10:18:19.314247
MCD,2025-10-10,0.20834125,0.20834125,0.0,US_DOW,Dow Jones (USA),2025-10-10 10:18:19.314247
AMGN,2025-10-10,0.2500075,0.20834125,0.0416662499999999,US_DOW,Dow Jones (USA),2025-10-10 10:18:19.314247
V,2025-10-10,0.2500075,0.2500075,0.0,US_DOW,Dow Jones (USA),2025-10-10 10:18:19.314247
CAT,2025-10-10,0.2500075,0.2500075,0.0,US_DOW,Dow Jones (USA),2025-10-10 10:18:19.314247
TRV,2025-10-17,0.062509375,0.062509375,0.0,US_DOW,Dow Jones (USA),2025-10-10 10:18:19.314247
JNJ,2025-10-10,0.20834125,0.187508125,0.020833125,US_DOW,Dow Jones (USA),2025-10-10 10:18:19.314247
PG,2025-10-10,0.2500075,0.20834125,0.0416662499999999,US_DOW,Dow Jones (USA),2025-10-10 10:18:19.314247
JPM,2025-10-10,0.2500075,0.20834125,0.0416662499999999,US_DOW,Dow Jones (USA),2025-10-10 10:18:19.314247
BA,2025-10-10,0.2500075,0.2500075,0.0,US_DOW,Dow Jones (USA),2025-10-10 10:18:19.314247
CVX,2025-10-10,0.2500075,0.187508125,0.0624993749999999,US_DOW,Dow Jones (USA),2025-10-10 10:18:19.314247
MMM,2025-10-10,0.2500075,0.20834125,0.0416662499999999,US_DOW,Dow Jones (USA),2025-10-10 10:18:19.314247
IBM,2025-10-10,0.20834125,0.20834125,0.0,US_DOW,Dow Jones (USA),2025-10-10 10:18:19.314247
DIS,2025-10-10,0.2500075,0.2500075,0.0,US_DOW,Dow Jones (USA),2025-10-10 10:18:19.314247
NKE,2025-10-10,0.2500075,0.2500075,0.0,US_DOW,Dow Jones (USA),2025-10-10 10:18:19.314247
CRM,2025-10-10,0.2500075,0.20834125,0.0416662499999999,US_DOW,Dow Jones (USA),2025-10-10 10:18:19.314247
SHEL.L,,,,,UK_FTSE,FTSE 100 (UK),2025-10-10 10:18:19.314247
DGE.L,,,,,UK_FTSE,FTSE 100 (UK),2025-10-10 10:18:19.314247
ULVR.L,,,,,UK_FTSE,FTSE 100 (UK),2025-10-10 10:18:19.314247
HSBA.L,,,,,UK_FTSE,FTSE 100 (UK),2025-10-10 10:18:19.314247
GSK.L,,,,,UK_FTSE,FTSE 100 (UK),2025-10-10 10:18:19.314247
RIO.L,,,,,UK_FTSE,FTSE 100 (UK),2025-10-10 10:18:19.314247
LSEG.L,,,,,UK_FTSE,FTSE 100 (UK),2025-10-10 10:18:19.314247
BP.L,,,,,UK_FTSE,FTSE 100 (UK),2025-10-10 10:18:19.314247
NG.L,,,,,UK_FTSE,FTSE 100 (UK),2025-10-10 10:18:19.314247
LLOY.L,,,,,UK_FTSE,FTSE 100 (UK),2025-10-10 10:18:19.314247
BARC.L,,,,,UK_FTSE,FTSE 100 (UK),2025-10-10 10:18:19.314247
VOD.L,,,,,UK_FTSE,FTSE 100 (UK),2025-10-10 10:18:19.314247
GLEN.L,,,,,UK_FTSE,FTSE 100 (UK),2025-10-10 10:18:19.314247
PRU.L,,,,,UK_FTSE,FTSE 100 (UK),2025-10-10 10:18:19.314247
BT-A.L,,,,,UK_FTSE,FTSE 100 (UK),2025-10-10 10:18:19.314247
IAG.L,,,,,UK_FTSE,FTSE 100 (UK),2025-10-10 10:18:19.314247
AAL.L,,,,,UK_FTSE,FTSE 100 (UK),2025-10-10 10:18:19.314247
REL.L,,,,,UK_FTSE,FTSE 100 (UK),2025-10-10 10:18:19.314247
TSCO.L,,,,,UK_FTSE,FTSE 100 (UK),2025-10-10 10:18:19.314247
AZN.L,,,,,UK_FTSE,FTSE 100 (UK),2025-10-10 10:18:19.314247
ALV.DE,,,,,EU_DAX,DAX (Germany),2025-10-10 10:18:19.314247
SAP.DE,,,,,EU_DAX,DAX (Germany),2025-10-10 10:18:19.314247
SIE.DE,,,,,EU_DAX,DAX (Germany),2025-10-10 10:18:19.314247
MBG.DE,,,,,EU_DAX,DAX (Germany),2025-10-10 10:18:19.314247
AIR.DE,,,,,EU_DAX,DAX (Germany),2025-10-10 10:18:19.314247
DTE.DE,,,,,EU_DAX,DAX (Germany),2025-10-10 10:18:19.314247
VOW3.DE,,,,,EU_DAX,DAX (Germany),2025-10-10 10:18:19.314247
BAS.DE,,,,,EU_DAX,DAX (Germany),2025-10-10 10:18:19.314247
BAYN.DE,,,,,EU_DAX,DAX (Germany),2025-10-10 10:18:19.314247
BMW.DE,,,,,EU_DAX,DAX (Germany),2025-10-10 10:18:19.314247
ADS.DE,,,,,EU_DAX,DAX (Germany),2025-10-10 10:18:19.314247
MUV2.DE,,,,,EU_DAX,DAX (Germany),2025-10-10 10:18:19.314247
VNA.DE,,,,,EU_DAX,DAX (Germany),2025-10-10 10:18:19.314247
HEN3.DE,,,,,EU_DAX,DAX (Germany),2025-10-10 10:18:19.314247
ENR.DE,,,,,EU_DAX,DAX (Germany),2025-10-10 10:18:19.314247
RWE.DE,,,,,EU_DAX,DAX (Germany),2025-10-10 10:18:19.314247
BEI.DE,,,,,EU_DAX,DAX (Germany),2025-10-10 10:18:19.314247
DB1.DE,,,,,EU_DAX,DAX (Germany),2025-10-10 10:18:19.314247
IFX.DE,,,,,EU_DAX,DAX (Germany),2025-10-10 10:18:19.314247
FRE.DE,,,,,EU_DAX,DAX (Germany),2025-10-10 10:18:19.314247
SAN.PA,,,,,EU_CAC,CAC 40 (France),2025-10-10 10:18:19.314247
AIR.PA,,,,,EU_CAC,CAC 40 (France),2025-10-10 10:18:19.314247
OR.PA,,,,,EU_CAC,CAC 40 (France),2025-10-10 10:18:19.314247
BNP.PA,,,,,EU_CAC,CAC 40 (France),2025-10-10 10:18:19.314247
CS.PA,,,,,EU_CAC,CAC 40 (France),2025-10-10 10:18:19.314247
SU.PA,,,,,EU_CAC,CAC 40 (France),2025-10-10 10:18:19.314247
SAF.PA,,,,,EU_CAC,CAC 40 (France),2025-10-10 10:18:19.314247
CA.PA,,,,,EU_CAC,CAC 40 (France),2025-10-10 10:18:19.314247
BN.PA,,,,,EU_CAC,CAC 40 (France),2025-10-10 10:18:19.314247
AI.PA,,,,,EU_CAC,CAC 40 (France),2025-10-10 10:18:19.314247
DG.PA,,,,,EU_CAC,CAC 40 (France),2025-10-10 10:18:19.314247
RMS.PA,,,,,EU_CAC,CAC 40 (France),2025-10-10 10:18:19.314247
EL.PA,,,,,EU_CAC,CAC 40 (France),2025-10-10 10:18:19.314247
SGO.PA,,,,,EU_CAC,CAC 40 (France),2025-10-10 10:18:19.314247
EN.PA,,,,,EU_CAC,CAC 40 (France),2025-10-10 10:18:19.314247
ORA.PA,,,,,EU_CAC,CAC 40 (France),2025-10-10 10:18:19.314247
CAP.PA,,,,,EU_CAC,CAC 40 (France),2025-10-10 10:18:19.314247
VIE.PA,,,,,EU_CAC,CAC 40 (France),2025-10-10 10:18:19.314247
MC.PA,,,,,EU_CAC,CAC 40 (France),2025-10-10 10:18:19.314247
TTE.PA,,,,,EU_CAC,CAC 40 (France),2025-10-10 10:18:19.314247
7203.T,,,,,ASIA_NIKKEI,Nikkei 225 (Japan),2025-10-10 10:18:19.314247
6861.T,,,,,ASIA_NIKKEI,Nikkei 225 (Japan),2025-10-10 10:18:19.314247
9984.T,,,,,ASIA_NIKKEI,Nikkei 225 (Japan),2025-10-10 10:18:19.314247
6758.T,,,,,ASIA_NIKKEI,Nikkei 225 (Japan),2025-10-10 10:18:19.314247
6902.T,,,,,ASIA_NIKKEI,Nikkei 225 (Japan),2025-10-10 10:18:19.314247
8306.T,,,,,ASIA_NIKKEI,Nikkei 225 (Japan),2025-10-10 10:18:19.314247
9433.T,,,,,ASIA_NIKKEI,Nikkei 225 (Japan),2025-10-10 10:18:19.314247
8035.T,,,,,ASIA_NIKKEI,Nikkei 225 (Japan),2025-10-10 10:18:19.314247
6981.T,,,,,ASIA_NIKKEI,Nikkei 225 (Japan),2025-10-10 10:18:19.314247
4063.T,,,,,ASIA_NIKKEI,Nikkei 225 (Japan),2025-10-10 10:18:19.314247
4502.T,,,,,ASIA_NIKKEI,Nikkei 225 (Japan),2025-10-10 10:18:19.314247
4503.T,,,,,ASIA_NIKKEI,Nikkei 225 (Japan),2025-10-10 10:18:19.314247
8001.T,,,,,ASIA_NIKKEI,Nikkei 225 (Japan),2025-10-10 10:18:19.314247
6367.T,,,,,ASIA_NIKKEI,Nikkei 225 (Japan),2025-10-10 10:18:19.314247
6501.T,,,,,ASIA_NIKKEI,Nikkei 225 (Japan),2025-10-10 10:18:19.314247
8316.T,,,,,ASIA_NIKKEI,Nikkei 225 (Japan),2025-10-10 10:18:19.314247
8031.T,,,,,ASIA_NIKKEI,Nikkei 225 (Japan),2025-10-10 10:18:19.314247
6752.T,,,,,ASIA_NIKKEI,Nikkei 225 (Japan),2025-10-10 10:18:19.314247
8411.T,,,,,ASIA_NIKKEI,Nikkei 225 (Japan),2025-10-10 10:18:19.314247
4911.T,,,,,ASIA_NIKKEI,Nikkei 225 (Japan),2025-10-10 10:18:19.314247
9988.HK,,,,,ASIA_HANGSENG,Hang Seng (Hong Kong),2025-10-10 10:18:19.314247
0700.HK,,,,,ASIA_HANGSENG,Hang Seng (Hong Kong),2025-10-10 10:18:19.314247
1299.HK,,,,,ASIA_HANGSENG,Hang Seng (Hong Kong),2025-10-10 10:18:19.314247
3690.HK,,,,,ASIA_HANGSENG,Hang Seng (Hong Kong),2025-10-10 10:18:19.314247
2318.HK,,,,,ASIA_HANGSENG,Hang Seng (Hong Kong),2025-10-10 10:18:19.314247
2020.HK,,,,,ASIA_HANGSENG,Hang Seng (Hong Kong),2025-10-10 10:18:19.314247
0003.HK,,,,,ASIA_HANGSENG,Hang Seng (Hong Kong),2025-10-10 10:18:19.314247
1398.HK,,,,,ASIA_HANGSENG,Hang Seng (Hong Kong),2025-10-10 10:18:19.314247
1211.HK,,,,,ASIA_HANGSENG,Hang Seng (Hong Kong),2025-10-10 10:18:19.314247
0005.HK,,,,,ASIA_HANGSENG,Hang Seng (Hong Kong),2025-10-10 10:18:19.314247
1810.HK,,,,,ASIA_HANGSENG,Hang Seng (Hong Kong),2025-10-10 10:18:19.314247
0011.HK,,,,,ASIA_HANGSENG,Hang Seng (Hong Kong),2025-10-10 10:18:19.314247
2269.HK,,,,,ASIA_HANGSENG,Hang Seng (Hong Kong),2025-10-10 10:18:19.314247
0001.HK,,,,,ASIA_HANGSENG,Hang Seng (Hong Kong),2025-10-10 10:18:19.314247
0016.HK,,,,,ASIA_HANGSENG,Hang Seng (Hong Kong),2025-10-10 10:18:19.314247
0002.HK,,,,,ASIA_HANGSENG,Hang Seng (Hong Kong),2025-10-10 10:18:19.314247
0883.HK,,,,,ASIA_HANGSENG,Hang Seng (Hong Kong),2025-10-10 10:18:19.314247
0968.HK,,,,,ASIA_HANGSENG,Hang Seng (Hong Kong),2025-10-10 10:18:19.314247
0388.HK,,,,,ASIA_HANGSENG,Hang Seng (Hong Kong),2025-10-10 10:18:19.314247
0941.HK,,,,,ASIA_HANGSENG,Hang Seng (Hong Kong),2025-10-10 10:18:19.314247
NAB.AX,,,,,AUSTRALIA_ASX,ASX 200 (Australia),2025-10-10 10:18:19.314247
CBA.AX,,,,,AUSTRALIA_ASX,ASX 200 (Australia),2025-10-10 10:18:19.314247
BHP.AX,,,,,AUSTRALIA_ASX,ASX 200 (Australia),2025-10-10 10:18:19.314247
ANZ.AX,,,,,AUSTRALIA_ASX,ASX 200 (Australia),2025-10-10 10:18:19.314247
WES.AX,,,,,AUSTRALIA_ASX,ASX 200 (Australia),2025-10-10 10:18:19.314247
CSL.AX,,,,,AUSTRALIA_ASX,ASX 200 (Australia),2025-10-10 10:18:19.314247
WBC.AX,,,,,AUSTRALIA_ASX,ASX 200 (Australia),2025-10-10 10:18:19.314247
MQG.AX,,,,,AUSTRALIA_ASX,ASX 200 (Australia),2025-10-10 10:18:19.314247
FMG.AX,,,,,AUSTRALIA_ASX,ASX 200 (Australia),2025-10-10 10:18:19.314247
GMG.AX,,,,,AUSTRALIA_ASX,ASX 200 (Australia),2025-10-10 10:18:19.314247
WDS.AX,,,,,AUSTRALIA_ASX,ASX 200 (Australia),2025-10-10 10:18:19.314247
RIO.AX,,,,,AUSTRALIA_ASX,ASX 200 (Australia),2025-10-10 10:18:19.314247
WOW.AX,,,,,AUSTRALIA_ASX,ASX 200 (Australia),2025-10-10 10:18:19.314247
TCL.AX,,,,,AUSTRALIA_ASX,ASX 200 (Australia),2025-10-10 10:18:19.314247
RMD.AX,,,,,AUSTRALIA_ASX,ASX 200 (Australia),2025-10-10 10:18:19.314247
COL.AX,,,,,AUSTRALIA_ASX,ASX 200 (Australia),2025-10-10 10:18:19.314247
QBE.AX,,,,,AUSTRALIA_ASX,ASX 200 (Australia),2025-10-10 10:18:19.314247
SCG.AX,,,,,AUSTRALIA_ASX,ASX 200 (Australia),2025-10-10 10:18:19.314247
TLS.AX,,,,,AUSTRALIA_ASX,ASX 200 (Australia),2025-10-10 10:18:19.314247
STO.AX,,,,,AUSTRALIA_ASX,ASX 200 (Australia),2025-10-10 10:18:19.314247
RY.TO,,,,,CANADA_TSX,TSX (Canada),2025-10-10 10:18:19.314247
ENB.TO,,,,,CANADA_TSX,TSX (Canada),2025-10-10 10:18:19.314247
SHOP.TO,,,,,CANADA_TSX,TSX (Canada),2025-10-10 10:18:19.314247
TD.TO,,,,,CANADA_TSX,TSX (Canada),2025-10-10 10:18:19.314247
BMO.TO,,,,,CANADA_TSX,TSX (Canada),2025-10-10 10:18:19.314247
CNR.TO,,,,,CANADA_TSX,TSX (Canada),2025-10-10 10:18:19.314247
BNS.TO,,,,,CANADA_TSX,TSX (Canada),2025-10-10 10:18:19.314247
CNQ.TO,,,,,CANADA_TSX,TSX (Canada),2025-10-10 10:18:19.314247
CP.TO,,,,,CANADA_TSX,TSX (Canada),2025-10-10 10:18:19.314247
TRP.TO,,,,,CANADA_TSX,TSX (Canada),2025-10-10 10:18:19.314247
CM.TO,,,,,CANADA_TSX,TSX (Canada),2025-10-10 10:18:19.314247
SU.TO,,,,,CANADA_TSX,TSX (Canada),2025-10-10 10:18:19.314247
BCE.TO,,,,,CANADA_TSX,TSX (Canada),2025-10-10 10:18:19.314247
NTR.TO,,,,,CANADA_TSX,TSX (Canada),2025-10-10 10:18:19.314247
WCN.TO,,,,,CANADA_TSX,TSX (Canada),2025-10-10 10:18:19.314247
MFC.TO,,,,,CANADA_TSX,TSX (Canada),2025-10-10 10:18:19.314247
ABX.TO,,,,,CANADA_TSX,TSX (Canada),2025-10-10 10:18:19.314247
L.TO,,,,,CANADA_TSX,TSX (Canada),2025-10-10 10:18:19.314247
IMO.TO,,,,,CANADA_TSX,TSX (Canada),2025-10-10 10:18:19.314247
BAM-A.TO,,,,,CANADA_TSX,TSX (Canada),2025-10-10 10:18:19.314247
MSFT,2025-10-10,0.2500075,0.20834125,0.0416662499999999,US_SP500_MEGA,S&P 500 Mega Caps,2025-10-10 10:23:28.149444
GOOGL,2025-10-10,0.20834125,0.20834125,0.0,US_SP500_MEGA,S&P 500 Mega Caps,2025-10-10 10:23:28.149444
AAPL,2025-10-10,0.20834125,0.2500075,-0.0416662499999999,US_SP500_MEGA,S&P 500 Mega Caps,2025-10-10 10:23:28.149444
NVDA,2025-10-10,0.2500075,0.20834125,0.0416662499999999,US_SP500_MEGA,S&P 500 Mega Caps,2025-10-10 10:23:28.149444
META,2025-10-10,0.2500075,0.2500075,0.0,US_SP500_MEGA,S&P 500 Mega Caps,2025-10-10 10:23:28.149444
AMZN,2025-10-10,0.20834125,0.2500075,-0.0416662499999999,US_SP500_MEGA,S&P 500 Mega Caps,2025-10-10 10:23:28.149444
BRK-B,2025-10-10,0.20834125,0.20834125,0.0,US_SP500_MEGA,S&P 500 Mega Caps,2025-10-10 10:23:28.149444
TSLA,2025-10-10,0.2500075,0.2500075,0.0,US_SP500_MEGA,S&P 500 Mega Caps,2025-10-10 10:23:28.149444
JPM,2025-10-10,0.2500075,0.20834125,0.0416662499999999,US_SP500_MEGA,S&P 500 Mega Caps,2025-10-10 10:23:28.149444
AVGO,2025-10-10,0.2500075,0.2500075,0.0,US_SP500_MEGA,S&P 500 Mega Caps,2025-10-10 10:23:28.149444
XOM,2025-10-10,0.2500075,0.2500075,0.0,US_SP500_MEGA,S&P 500 Mega Caps,2025-10-10 10:23:28.149444
V,2025-10-10,0.2500075,0.2500075,0.0,US_SP500_MEGA,S&P 500 Mega Caps,2025-10-10 10:23:28.149444
LLY,2025-10-10,0.2500075,0.2500075,0.0,US_SP500_MEGA,S&P 500 Mega Caps,2025-10-10 10:23:28.149444
UNH,2025-10-10,0.2500075,0.20834125,0.0416662499999999,US_SP500_MEGA,S&P 500 Mega Caps,2025-10-10 10:23:28.149444
PG,2025-10-10,0.2500075,0.20834125,0.0416662499999999,US_SP500_MEGA,S&P 500 Mega Caps,2025-10-10 10:23:28.149444
JNJ,2025-10-10,0.20834125,0.187508125,0.020833125,US_SP500_MEGA,S&P 500 Mega Caps,2025-10-10 10:23:28.149444
MA,2025-10-10,0.2500075,0.2500075,0.0,US_SP500_MEGA,S&P 500 Mega Caps,2025-10-10 10:23:28.149444
WMT,2025-10-10,0.2500075,0.2500075,0.0,US_SP500_MEGA,S&P 500 Mega Caps,2025-10-10 10:23:28.149444
HD,2025-10-10,0.20834125,0.2500075,-0.0416662499999999,US_SP500_MEGA,S&P 500 Mega Caps,2025-10-10 10:23:28.149444
ORCL,2025-10-10,0.2500075,0.2500075,0.0,US_SP500_MEGA,S&P 500 Mega Caps,2025-10-10 10:23:28.149444
CRM,2025-10-10,0.2500075,0.20834125,0.0416662499999999,US_SP500_LARGE,S&P 500 Large Caps,2025-10-10 10:23:28.149444
BAC,2025-10-10,0.2500075,0.2500075,0.0,US_SP500_LARGE,S&P 500 Large Caps,2025-10-10 10:23:28.149444
ABBV,2025-10-10,0.20834125,0.20834125,0.0,US_SP500_LARGE,S&P 500 Large Caps,2025-10-10 10:23:28.149444
COST,2025-10-10,0.2500075,0.20834125,0.0416662499999999,US_SP500_LARGE,S&P 500 Large Caps,2025-10-10 10:23:28.149444
NFLX,2025-10-10,0.2500075,0.2500075,0.0,US_SP500_LARGE,S&P 500 Large Caps,2025-10-10 10:23:28.149444
CVX,2025-10-10,0.2500075,0.187508125,0.0624993749999999,US_SP500_LARGE,S&P 500 Large Caps,2025-10-10 10:23:28.149444
AMD,2025-10-10,0.187508125,0.12500875,0.0624993749999999,US_SP500_LARGE,S&P 500 Large Caps,2025-10-10 10:23:28.149444
KO,2025-10-10,0.2500075,0.2500075,0.0,US_SP500_LARGE,S&P 500 Large Caps,2025-10-10 10:23:28.149444
PEP,2025-10-10,0.2500075,0.166675,0.0833325,US_SP500_LARGE,S&P 500 Large Caps,2025-10-10 10:23:28.149444
TMO,2025-10-10,0.2500075,0.20834125,0.0416662499999999,US_SP500_LARGE,S&P 500 Large Caps,2025-10-10 10:23:28.149444
ADBE,2025-10-10,0.2500075,0.2500075,0.0,US_SP500_LARGE,S&P 500 Large Caps,2025-10-10 10:23:28.149444
CSCO,2025-10-10,0.2500075,0.20834125,0.0416662499999999,US_SP500_LARGE,S&P 500 Large Caps,2025-10-10 10:23:28.149444
ACN,2025-10-10,0.20834125,0.2500075,-0.0416662499999999,US_SP500_LARGE,S&P 500 Large Caps,2025-10-10 10:23:28.149444
MRK,2025-10-10,0.2500075,0.2500075,0.0,US_SP500_LARGE,S&P 500 Large Caps,2025-10-10 10:23:28.149444
LIN,2025-10-17,0.0833425,0.062509375,0.0208331249999999,US_SP500_LARGE,S&P 500 Large Caps,2025-10-10 10:23:28.149444
MCD,2025-10-10,0.20834125,0.20834125,0.0,US_SP500_LARGE,S&P 500 Large Caps,2025-10-10 10:23:28.149444
ABT,2025-10-10,0.2500075,0.2500075,0.0,US_SP500_LARGE,S&P 500 Large Caps,2025-10-10 10:23:28.149444
CMCSA,2025-10-10,0.2500075,0.20834125,0.0416662499999999,US_SP500_LARGE,S&P 500 Large Caps,2025-10-10 10:23:28.149444
DHR,2025-10-10,0.20834125,0.20834125,0.0,US_SP500_LARGE,S&P 500 Large Caps,2025-10-10 10:23:28.149444
INTC,2025-10-10,0.2500075,0.20834125,0.0416662499999999,US_SP500_LARGE,S&P 500 Large Caps,2025-10-10 10:23:28.149444
AMZN,2025-10-10,0.20834125,0.2500075,-0.0416662499999999,US_TECH,US Technology,2025-10-10 10:23:28.149444
AAPL,2025-10-10,0.20834125,0.2500075,-0.0416662499999999,US_TECH,US Technology,2025-10-10 10:23:28.149444
NVDA,2025-10-10,0.2500075,0.20834125,0.0416662499999999,US_TECH,US Technology,2025-10-10 10:23:28.149444
MSFT,2025-10-10,0.2500075,0.20834125,0.0416662499999999,US_TECH,US Technology,2025-10-10 10:23:28.149444
META,2025-10-10,0.2500075,0.2500075,0.0,US_TECH,US Technology,2025-10-10 10:23:28.149444
GOOGL,2025-10-10,0.20834125,0.20834125,0.0,US_TECH,US Technology,2025-10-10 10:23:28.149444
AVGO,2025-10-10,0.2500075,0.2500075,0.0,US_TECH,US Technology,2025-10-10 10:23:28.149444
ORCL,2025-10-10,0.2500075,0.2500075,0.0,US_TECH,US Technology,2025-10-10 10:23:28.149444
TSLA,2025-10-10,0.2500075,0.2500075,0.0,US_TECH,US Technology,2025-10-10 10:23:28.149444
NFLX,2025-10-10,0.2500075,0.2500075,0.0,US_TECH,US Technology,2025-10-10 10:23:28.149444
AMD,2025-10-10,0.187508125,0.12500875,0.0624993749999999,US_TECH,US Technology,2025-10-10 10:23:28.149444
CRM,2025-10-10,0.2500075,0.20834125,0.0416662499999999,US_TECH,US Technology,2025-10-10 10:23:28.149444
CSCO,2025-10-10,0.2500075,0.20834125,0.0416662499999999,US_TECH,US Technology,2025-10-10 10:23:28.149444
QCOM,2025-10-10,0.20834125,0.2500075,-0.0416662499999999,US_TECH,US Technology,2025-10-10 10:23:28.149444
ADBE,2025-10-10,0.2500075,0.2500075,0.0,US_TECH,US Technology,2025-10-10 10:23:28.149444
INTC,2025-10-10,0.2500075,0.20834125,0.0416662499999999,US_TECH,US Technology,2025-10-10 10:23:28.149444
TXN,2025-10-10,0.20834125,0.20834125,0.0,US_TECH,US Technology,2025-10-10 10:23:28.149444
INTU,2025-10-10,0.187508125,0.2500075,-0.0624993749999999,US_TECH,US Technology,2025-10-10 10:23:28.149444
NOW,2025-10-10,0.2500075,0.2500075,0.0,US_TECH,US Technology,2025-10-10 10:23:28.149444
IBM,2025-10-10,0.20834125,0.20834125,0.0,US_TECH,US Technology,2025-10-10 10:23:28.149444
BAC,2025-10-10,0.2500075,0.2500075,0.0,US_FINANCE,US Financials,2025-10-10 10:23:28.149444
V,2025-10-10,0.2500075,0.2500075,0.0,US_FINANCE,US Financials,2025-10-10 10:23:28.149444
JPM,2025-10-10,0.2500075,0.20834125,0.0416662499999999,US_FINANCE,US Financials,2025-10-10 10:23:28.149444
MA,2025-10-10,0.2500075,0.2500075,0.0,US_FINANCE,US Financials,2025-10-10 10:23:28.149444
WFC,2025-10-10,0.2500075,0.2500075,0.0,US_FINANCE,US Financials,2025-10-10 10:23:28.149444
MS,2025-10-10,0.2500075,0.2500075,0.0,US_FINANCE,US Financials,2025-10-10 10:23:28.149444
BX,2025-10-10,0.20834125,0.2500075,-0.0416662499999999,US_FINANCE,US Financials,2025-10-10 10:23:28.149444
GS,2025-10-10,0.2500075,0.2500075,0.0,US_FINANCE,US Financials,2025-10-10 10:23:28.149444
C,2025-10-10,0.2500075,0.2500075,0.0,US_FINANCE,US Financials,2025-10-10 10:23:28.149444
SPGI,2025-10-10,0.20834125,0.20834125,0.0,US_FINANCE,US Financials,2025-10-10 10:23:28.149444
AXP,2025-10-10,0.2500075,0.20834125,0.0416662499999999,US_FINANCE,US Financials,2025-10-10 10:23:28.149444
CB,2025-10-17,0.0833425,0.062509375,0.0208331249999999,US_FINANCE,US Financials,2025-10-10 10:23:28.149444
BLK,2025-10-10,0.2500075,0.166675,0.0833325,US_FINANCE,US Financials,2025-10-10 10:23:28.149444
PGR,2025-10-10,0.2500075,0.2500075,0.0,US_FINANCE,US Financials,2025-10-10 10:23:28.149444
MMC,2025-10-17,0.062509375,0.12500875,-0.0624993749999999,US_FINANCE,US Financials,2025-10-10 10:23:28.149444
CME,2025-10-17,0.062509375,0.062509375,0.0,US_FINANCE,US Financials,2025-10-10 10:23:28.149444
USB,2025-10-10,0.2500075,0.2500075,0.0,US_FINANCE,US Financials,2025-10-10 10:23:28.149444
TFC,2025-10-10,0.2500075,0.2500075,0.0,US_FINANCE,US Financials,2025-10-10 10:23:28.149444
COF,2025-10-10,0.2500075,0.2500075,0.0,US_FINANCE,US Financials,2025-10-10 10:23:28.149444
PNC,2025-10-10,0.2500075,0.20834125,0.0416662499999999,US_FINANCE,US Financials,2025-10-10 10:23:28.149444
MRK,2025-10-10,0.2500075,0.2500075,0.0,US_HEALTH,US Healthcare,2025-10-10 10:23:28.149444
ABBV,2025-10-10,0.20834125,0.20834125,0.0,US_HEALTH,US Healthcare,2025-10-10 10:23:28.149444
UNH,2025-10-10,0.2500075,0.20834125,0.0416662499999999,US_HEALTH,US Healthcare,2025-10-10 10:23:28.149444
JNJ,2025-10-10,0.20834125,0.187508125,0.020833125,US_HEALTH,US Healthcare,2025-10-10 10:23:28.149444
LLY,2025-10-10,0.2500075,0.2500075,0.0,US_HEALTH,US Healthcare,2025-10-10 10:23:28.149444
TMO,2025-10-10,0.2500075,0.20834125,0.0416662499999999,US_HEALTH,US Healthcare,2025-10-10 10:23:28.149444
DHR,2025-10-10,0.20834125,0.20834125,0.0,US_HEALTH,US Healthcare,2025-10-10 10:23:28.149444
BMY,2025-10-10,0.2500075,0.2500075,0.0,US_HEALTH,US Healthcare,2025-10-10 10:23:28.149444
ABT,2025-10-10,0.2500075,0.2500075,0.0,US_HEALTH,US Healthcare,2025-10-10 10:23:28.149444
PFE,2025-10-10,0.37500625,0.20834125,0.1666649999999999,US_HEALTH,US Healthcare,2025-10-10 10:23:28.149444
CVS,2025-10-10,0.2500075,0.2500075,0.0,US_HEALTH,US Healthcare,2025-10-10 10:23:28.149444
GILD,2025-10-10,0.2500075,0.2500075,0.0,US_HEALTH,US Healthcare,2025-10-10 10:23:28.149444
VRTX,2025-10-10,0.2500075,0.20834125,0.0416662499999999,US_HEALTH,US Healthcare,2025-10-10 10:23:28.149444
CI,2025-10-10,0.2500075,0.2500075,0.0,US_HEALTH,US Healthcare,2025-10-10 10:23:28.149444
MCK,2025-10-10,0.2500075,0.166675,0.0833325,US_HEALTH,US Healthcare,2025-10-10 10:23:28.149444
ELV,2025-10-17,0.062509375,0.062509375,0.0,US_HEALTH,US Healthcare,2025-10-10 10:23:28.149444
AMGN,2025-10-10,0.2500075,0.20834125,0.0416662499999999,US_HEALTH,US Healthcare,2025-10-10 10:23:28.149444
REGN,2025-10-10,0.2500075,0.2500075,0.0,US_HEALTH,US Healthcare,2025-10-10 10:23:28.149444
ZTS,2025-10-17,0.12500875,0.062509375,0.0624993749999999,US_HEALTH,US Healthcare,2025-10-10 10:23:28.149444
ISRG,2025-10-10,0.2500075,0.20834125,0.0416662499999999,US_HEALTH,US Healthcare,2025-10-10 10:23:28.149444
WMT,2025-10-10,0.2500075,0.2500075,0.0,US_CONSUMER,US Consumer,2025-10-10 10:23:28.149444
AMZN,2025-10-10,0.20834125,0.2500075,-0.0416662499999999,US_CONSUMER,US Consumer,2025-10-10 10:23:28.149444
TSLA,2025-10-10,0.2500075,0.2500075,0.0,US_CONSUMER,US Consumer,2025-10-10 10:23:28.149444
NKE,2025-10-10,0.2500075,0.2500075,0.0,US_CONSUMER,US Consumer,2025-10-10 10:23:28.149444
MCD,2025-10-10,0.20834125,0.20834125,0.0,US_CONSUMER,US Consumer,2025-10-10 10:23:28.149444
COST,2025-10-10,0.2500075,0.20834125,0.0416662499999999,US_CONSUMER,US Consumer,2025-10-10 10:23:28.149444
TGT,2025-10-10,0.20834125,0.2500075,-0.0416662499999999,US_CONSUMER,US Consumer,2025-10-10 10:23:28.149444
SBUX,2025-10-10,0.20834125,0.2500075,-0.0416662499999999,US_CONSUMER,US Consumer,2025-10-10 10:23:28.149444
LOW,2025-10-10,0.2500075,0.2500075,0.0,US_CONSUMER,US Consumer,2025-10-10 10:23:28.149444
HD,2025-10-10,0.20834125,0.2500075,-0.0416662499999999,US_CONSUMER,US Consumer,2025-10-10 10:23:28.149444
DIS,2025-10-10,0.2500075,0.2500075,0.0,US_CONSUMER,US Consumer,2025-10-10 10:23:28.149444
BKNG,2025-10-10,0.166675,0.12500875,0.0416662499999999,US_CONSUMER,US Consumer,2025-10-10 10:23:28.149444
GM,2025-10-10,0.2500075,0.2500075,0.0,US_CONSUMER,US Consumer,2025-10-10 10:23:28.149444
ABNB,2025-10-10,0.2500075,0.2500075,0.0,US_CONSUMER,US Consumer,2025-10-10 10:23:28.149444
F,2025-10-10,0.2500075,0.2500075,0.0,US_CONSUMER,US Consumer,2025-10-10 10:23:28.149444
MAR,2025-10-10,0.2500075,0.20834125,0.0416662499999999,US_CONSUMER,US Consumer,2025-10-10 10:23:28.149444
CMG,2025-10-10,0.2500075,0.2500075,0.0,US_CONSUMER,US Consumer,2025-10-10 10:23:28.149444
YUM,2025-10-17,0.062509375,0.062509375,0.0,US_CONSUMER,US Consumer,2025-10-10 10:23:28.149444
ROST,2025-10-10,0.2500075,0.20834125,0.0416662499999999,US_CONSUMER,US Consumer,2025-10-10 10:23:28.149444
ORLY,2025-10-17,0.062509375,0.062509375,0.0,US_CONSUMER,US Consumer,2025-10-10 10:23:28.149444
EOG,2025-10-10,0.2500075,0.2500075,0.0,US_ENERGY,US Energy & Materials,2025-10-10 10:23:28.149444
SLB,2025-10-10,0.2500075,0.2500075,0.0,US_ENERGY,US Energy & Materials,2025-10-10 10:23:28.149444
XOM,2025-10-10,0.2500075,0.2500075,0.0,US_ENERGY,US Energy & Materials,2025-10-10 10:23:28.149444
PXD,,,,,US_ENERGY,US Energy & Materials,2025-10-10 10:23:28.149444
PSX,2025-10-10,0.2500075,0.2500075,0.0,US_ENERGY,US Energy & Materials,2025-10-10 10:23:28.149444
MPC,2025-10-17,0.0937590625,0.0937590625,0.0,US_ENERGY,US Energy & Materials,2025-10-10 10:23:28.149444
HAL,2025-10-10,0.2500075,0.2500075,0.0,US_ENERGY,US Energy & Materials,2025-10-10 10:23:28.149444
OXY,2025-10-10,0.2500075,0.20834125,0.0416662499999999,US_ENERGY,US Energy & Materials,2025-10-10 10:23:28.149444
VLO,2025-10-10,0.2500075,0.20834125,0.0416662499999999,US_ENERGY,US Energy & Materials,2025-10-10 10:23:28.149444
WMB,2025-10-10,0.20834125,0.20834125,0.0,US_ENERGY,US Energy & Materials,2025-10-10 10:23:28.149444
LNG,2025-10-10,0.20834125,0.20834125,0.0,US_ENERGY,US Energy & Materials,2025-10-10 10:23:28.149444
COP,2025-10-10,0.2500075,0.2500075,0.0,US_ENERGY,US Energy & Materials,2025-10-10 10:23:28.149444
HES,,,,,US_ENERGY,US Energy & Materials,2025-10-10 10:23:28.149444
KMI,2025-10-10,0.2500075,0.2500075,0.0,US_ENERGY,US Energy & Materials,2025-10-10 10:23:28.149444
FANG,2025-10-17,0.12500875,0.062509375,0.0624993749999999,US_ENERGY,US Energy & Materials,2025-10-10 10:23:28.149444
BKR,2025-10-17,0.0937590625,0.062509375,0.0312496874999999,US_ENERGY,US Energy & Materials,2025-10-10 10:23:28.149444
DVN,2025-10-10,0.33334,0.2500075,0.0833325,US_ENERGY,US Energy & Materials,2025-10-10 10:23:28.149444
TRGP,2025-10-17,0.062509375,0.062509375,0.0,US_ENERGY,US Energy & Materials,2025-10-10 10:23:28.149444
MRO,,,,,US_ENERGY,US Energy & Materials,2025-10-10 10:23:28.149444
CVX,2025-10-10,0.2500075,0.187508125,0.0624993749999999,US_ENERGY,US Energy & Materials,2025-10-10 10:23:28.149444
RTX,2025-10-10,0.2500075,0.20834125,0.0416662499999999,US_INDUSTRIAL,US Industrials,2025-10-10 10:23:28.149444
GE,2025-10-10,0.20834125,0.2500075,-0.0416662499999999,US_INDUSTRIAL,US Industrials,2025-10-10 10:23:28.149444
BA,2025-10-10,0.2500075,0.2500075,0.0,US_INDUSTRIAL,US Industrials,2025-10-10 10:23:28.149444
UPS,2025-10-10,0.2500075,0.2500075,0.0,US_INDUSTRIAL,US Industrials,2025-10-10 10:23:28.149444
CAT,2025-10-10,0.2500075,0.2500075,0.0,US_INDUSTRIAL,US Industrials,2025-10-10 10:23:28.149444
HON,2025-10-10,0.20834125,0.2500075,-0.0416662499999999,US_INDUSTRIAL,US Industrials,2025-10-10 10:23:28.149444
ADP,2025-10-10,0.20834125,0.20834125,0.0,US_INDUSTRIAL,US Industrials,2025-10-10 10:23:28.149444
UNP,2025-10-10,0.2500075,0.20834125,0.0416662499999999,US_INDUSTRIAL,US Industrials,2025-10-10 10:23:28.149444
LMT,2025-10-10,0.2500075,0.2500075,0.0,US_INDUSTRIAL,US Industrials,2025-10-10 10:23:28.149444
DE,2025-10-10,0.2500075,0.2500075,0.0,US_INDUSTRIAL,US Industrials,2025-10-10 10:23:28.149444
GD,2025-10-10,0.20834125,0.187508125,0.020833125,US_INDUSTRIAL,US Industrials,2025-10-10 10:23:28.149444
ITW,2025-10-17,0.062509375,0.062509375,0.0,US_INDUSTRIAL,US Industrials,2025-10-10 10:23:28.149444
ETN,2025-10-10,0.2500075,0.20834125,0.0416662499999999,US_INDUSTRIAL,US Industrials,2025-10-10 10:23:28.149444
NOC,2025-10-17,0.062509375,0.062509375,0.0,US_INDUSTRIAL,US Industrials,2025-10-10 10:23:28.149444
MMM,2025-10-10,0.2500075,0.20834125,0.0416662499999999,US_INDUSTRIAL,US Industrials,2025-10-10 10:23:28.149444
EMR,2025-10-10,0.2500075,0.2500075,0.0,US_INDUSTRIAL,US Industrials,2025-10-10 10:23:28.149444
TT,2025-10-17,0.0937590625,0.062509375,0.0312496874999999,US_INDUSTRIAL,US Industrials,2025-10-10 10:23:28.149444
CSX,2025-10-10,0.2500075,0.2500075,0.0,US_INDUSTRIAL,US Industrials,2025-10-10 10:23:28.149444
WM,2025-10-17,0.062509375,0.062509375,0.0,US_INDUSTRIAL,US Industrials,2025-10-10 10:23:28.149444
NSC,2025-10-10,0.20834125,0.187508125,0.020833125,US_INDUSTRIAL,US Industrials,2025-10-10 10:23:28.149444
MRVL,2025-10-10,0.2500075,0.20834125,0.0416662499999999,US_SMALL_MID,US Small/Mid Caps,2025-10-10 10:23:28.149444
PLTR,2025-10-10,0.2500075,0.20834125,0.0416662499999999,US_SMALL_MID,US Small/Mid Caps,2025-10-10 10:23:28.149444
PANW,2025-10-10,0.20834125,0.20834125,0.0,US_SMALL_MID,US Small/Mid Caps,2025-10-10 10:23:28.149444
SNOW,2025-10-10,0.2500075,0.20834125,0.0416662499999999,US_SMALL_MID,US Small/Mid Caps,2025-10-10 10:23:28.149444
CRWD,2025-10-10,0.2500075,0.2500075,0.0,US_SMALL_MID,US Small/Mid Caps,2025-10-10 10:23:28.149444
FTNT,2025-10-10,0.2500075,0.20834125,0.0416662499999999,US_SMALL_MID,US Small/Mid Caps,2025-10-10 10:23:28.149444
DDOG,2025-10-10,0.2500075,0.187508125,0.0624993749999999,US_SMALL_MID,US Small/Mid Caps,2025-10-10 10:23:28.149444
NET,2025-10-10,0.20834125,0.2500075,-0.0416662499999999,US_SMALL_MID,US Small/Mid Caps,2025-10-10 10:23:28.149444
ZS,2025-10-10,0.2500075,0.20834125,0.0416662499999999,US_SMALL_MID,US Small/Mid Caps,2025-10-10 10:23:28.149444
UBER,2025-10-10,0.2500075,0.2500075,0.0,US_SMALL_MID,US Small/Mid Caps,2025-10-10 10:23:28.149444
LYFT,2025-10-10,0.2500075,0.2500075,0.0,US_SMALL_MID,US Small/Mid Caps,2025-10-10 10:23:28.149444
DASH,2025-10-10,0.20834125,0.2500075,-0.0416662499999999,US_SMALL_MID,US Small/Mid Caps,2025-10-10 10:23:28.149444
RBLX,2025-10-10,0.2500075,0.2500075,0.0,US_SMALL_MID,US Small/Mid Caps,2025-10-10 10:23:28.149444
SQ,,,,,US_SMALL_MID,US Small/Mid Caps,2025-10-10 10:23:28.149444
AFRM,2025-10-10,0.20834125,0.20834125,0.0,US_SMALL_MID,US Small/Mid Caps,2025-10-10 10:23:28.149444
U,2025-10-10,0.2500075,0.2500075,0.0,US_SMALL_MID,US Small/Mid Caps,2025-10-10 10:23:28.149444
RIVN,2025-10-10,0.2500075,0.37500625,-0.1249987499999999,US_SMALL_MID,US Small/Mid Caps,2025-10-10 10:23:28.149444
LCID,2025-10-10,0.2500075,0.2500075,0.0,US_SMALL_MID,US Small/Mid Caps,2025-10-10 10:23:28.149444
COIN,2025-10-10,0.2500075,0.2500075,0.0,US_SMALL_MID,US Small/Mid Caps,2025-10-10 10:23:28.149444
TEAM,2025-10-10,0.2500075,0.20834125,0.0416662499999999,US_SMALL_MID,US Small/Mid Caps,2025-10-10 10:23:28.149444
BBBY,2025-10-10,0.500005,0.2500075,0.2499975,US_MEME,US Retail Favorites,2025-10-10 10:23:28.149444
AMC,2025-10-10,1.0000000000000004e-05,0.2500075,-0.2499974999999999,US_MEME,US Retail Favorites,2025-10-10 10:23:28.149444
BB,2025-10-10,0.500005,0.2500075,0.2499975,US_MEME,US Retail Favorites,2025-10-10 10:23:28.149444
WISH,,,,,US_MEME,US Retail Favorites,2025-10-10 10:23:28.149444
GME,2025-10-10,0.37500625,0.2500075,0.1249987499999999,US_MEME,US Retail Favorites,2025-10-10 10:23:28.149444
NOK,2025-10-10,0.2500075,0.500005,-0.2499975,US_MEME,US Retail Favorites,2025-10-10 10:23:28.149444
SPCE,2025-10-10,0.12500875,0.2500075,-0.1249987499999999,US_MEME,US Retail Favorites,2025-10-10 10:23:28.149444
CLOV,2025-10-10,0.500005,0.500005,0.0,US_MEME,US Retail Favorites,2025-10-10 10:23:28.149444
SOFI,2025-10-10,0.33334,0.2500075,0.0833325,US_MEME,US Retail Favorites,2025-10-10 10:23:28.149444
HOOD,2025-10-10,0.2500075,0.20834125,0.0416662499999999,US_MEME,US Retail Favorites,2025-10-10 10:23:28.149444
PLTR,2025-10-10,0.2500075,0.20834125,0.0416662499999999,US_MEME,US Retail Favorites,2025-10-10 10:23:28.149444
NIO,2025-10-10,0.500005,0.500005,0.0,US_MEME,US Retail Favorites,2025-10-10 10:23:28.149444
LCID,2025-10-10,0.2500075,0.2500075,0.0,US_MEME,US Retail Favorites,2025-10-10 10:23:28.149444
RIVN,2025-10-10,0.2500075,0.37500625,-0.1249987499999999,US_MEME,US Retail Favorites,2025-10-10 10:23:28.149444
AFRM,2025-10-10,0.20834125,0.20834125,0.0,US_MEME,US Retail Favorites,2025-10-10 10:23:28.149444
SKLZ,2025-10-17,0.2500075,0.062509375,0.187498125,US_MEME,US Retail Favorites,2025-10-10 10:23:28.149444
DKNG,2025-10-10,0.2500075,0.2500075,0.0,US_MEME,US Retail Favorites,2025-10-10 10:23:28.149444
RBLX,2025-10-10,0.2500075,0.2500075,0.0,US_MEME,US Retail Favorites,2025-10-10 10:23:28.149444
OPEN,2025-10-10,0.312506875,0.2500075,0.062499375,US_MEME,US Retail Favorites,2025-10-10 10:23:28.149444
COIN,2025-10-10,0.2500075,0.2500075,0.0,US_MEME,US Retail Favorites,2025-10-10 10:23:28.149444
EEM,2025-10-10,0.2500075,0.2500075,0.0,ETF_MAJOR,Major ETFs,2025-10-10 10:23:28.149444
IWM,2025-10-10,0.2500075,0.2500075,0.0,ETF_MAJOR,Major ETFs,2025-10-10 10:23:28.149444
DIA,2025-10-10,0.2500075,0.2500075,0.0,ETF_MAJOR,Major ETFs,2025-10-10 10:23:28.149444
SPY,2025-10-10,0.2500075,0.2500075,0.0,ETF_MAJOR,Major ETFs,2025-10-10 10:23:28.149444
EFA,2025-10-10,0.2500075,0.20834125,0.0416662499999999,ETF_MAJOR,Major ETFs,2025-10-10 10:23:28.149444
SLV,2025-10-10,0.2500075,0.2500075,0.0,ETF_MAJOR,Major ETFs,2025-10-10 10:23:28.149444
HYG,2025-10-10,0.2500075,0.20834125,0.0416662499999999,ETF_MAJOR,Major ETFs,2025-10-10 10:23:28.149444
TLT,2025-10-10,0.2500075,0.2500075,0.0,ETF_MAJOR,Major ETFs,2025-10-10 10:23:28.149444
GLD,2025-10-10,0.2500075,0.2500075,0.0,ETF_MAJOR,Major ETFs,2025-10-10 10:23:28.149444
XLF,2025-10-10,0.2500075,0.2500075,0.0,ETF_MAJOR,Major ETFs,2025-10-10 10:23:28.149444
XLK,2025-10-10,0.2500075,0.12500875,0.1249987499999999,ETF_MAJOR,Major ETFs,2025-10-10 10:23:28.149444
XLE,2025-10-10,0.2500075,0.2500075,0.0,ETF_MAJOR,Major ETFs,2025-10-10 10:23:28.149444
XLV,2025-10-10,0.2500075,0.20834125,0.0416662499999999,ETF_MAJOR,Major ETFs,2025-10-10 10:23:28.149444
XLI,2025-10-10,0.2500075,0.20834125,0.0416662499999999,ETF_MAJOR,Major ETFs,2025-10-10 10:23:28.149444
XLY,2025-10-10,0.2500075,0.2500075,0.0,ETF_MAJOR,Major ETFs,2025-10-10 10:23:28.149444
XLU,2025-10-10,0.2500075,0.2500075,0.0,ETF_MAJOR,Major ETFs,2025-10-10 10:23:28.149444
XLP,2025-10-10,0.2500075,0.2500075,0.0,ETF_MAJOR,Major ETFs,2025-10-10 10:23:28.149444
XLRE,2025-10-17,0.12500875,0.0937590625,0.0312496874999999,ETF_MAJOR,Major ETFs,2025-10-10 10:23:28.149444
XLC,2025-10-10,0.43294837890625,0.2500075,0.18294087890625,ETF_MAJOR,Major ETFs,2025-10-10 10:23:28.149444
QQQ,2025-10-10,0.2500075,0.2500075,0.0,ETF_MAJOR,Major ETFs,2025-10-10 10:23:28.149444
AAPL,2025-10-10,0.3984435156250001,0.3828186718749999,0.0156248437500001,US_SP500_MEGA,S&P 500 Mega Caps,2025-10-10 18:08:17.983593
AMZN,2025-10-10,0.44857322265625,0.450526328125,-0.00195310546875,US_SP500_MEGA,S&P 500 Mega Caps,2025-10-10 18:08:17.983593
NVDA,2025-10-10,0.51497880859375,0.4726615234375,0.0423172851562499,US_SP500_MEGA,S&P 500 Mega Caps,2025-10-10 18:08:17.983593
MSFT,2025-10-10,0.48242705078125,0.3476627734374999,0.13476427734375,US_SP500_MEGA,S&P 500 Mega Caps,2025-10-10 18:08:17.983593
GOOGL,2025-10-10,0.4700573828124999,0.4492242578125,0.0208331249999998,US_SP500_MEGA,S&P 500 Mega Caps,2025-10-10 18:08:17.983593
BRK-B,2025-10-10,0.455734609375,0.4003966210937499,0.05533798828125,US_SP500_MEGA,S&P 500 Mega Caps,2025-10-10 18:08:17.983593
META,2025-10-10,0.424484921875,0.3815166015625,0.0429683203124999,US_SP500_MEGA,S&P 500 Mega Caps,2025-10-10 18:08:17.983593
LLY,2025-10-10,0.443690458984375,0.44727115234375,-0.0035806933593749,US_SP500_MEGA,S&P 500 Mega Caps,2025-10-10 18:08:17.983593
TSLA,2025-10-10,0.4459690820312499,0.510096044921875,-0.064126962890625,US_SP500_MEGA,S&P 500 Mega Caps,2025-10-10 18:08:17.983593
AVGO,2025-10-10,0.5540409179687501,0.4648491015625,0.08919181640625,US_SP500_MEGA,S&P 500 Mega Caps,2025-10-10 18:08:17.983593
JPM,2025-10-10,0.6370496077473959,0.3795634960937499,0.257486111653646,US_SP500_MEGA,S&P 500 Mega Caps,2025-10-10 18:08:17.983593
XOM,2025-10-10,0.434901484375,0.3984435156250001,0.0364579687499999,US_SP500_MEGA,S&P 500 Mega Caps,2025-10-10 18:08:17.983593
V,2025-10-10,0.508142939453125,0.47396359375,0.034179345703125,US_SP500_MEGA,S&P 500 Mega Caps,2025-10-10 18:08:17.983593
UNH,2025-10-10,0.4853567089843749,0.4205787109375,0.0647779980468749,US_SP500_MEGA,S&P 500 Mega Caps,2025-10-10 18:08:17.983593
MA,2025-10-10,0.5115608740234375,0.492518095703125,0.0190427783203125,US_SP500_MEGA,S&P 500 Mega Caps,2025-10-10 18:08:17.983593
WMT,2025-10-10,0.4987029296875001,0.51562984375,-0.0169269140624999,US_SP500_MEGA,S&P 500 Mega Caps,2025-10-10 18:08:17.983593
JNJ,2025-10-10,0.4101621484375,0.4303442382812499,-0.0201820898437499,US_SP500_MEGA,S&P 500 Mega Caps,2025-10-10 18:08:17.983593
PG,2025-10-10,0.53971814453125,0.38021453125,0.1595036132812499,US_SP500_MEGA,S&P 500 Mega Caps,2025-10-10 18:08:17.983593
ORCL,2025-10-10,0.49674982421875,0.5247443359375,-0.02799451171875,US_SP500_MEGA,S&P 500 Mega Caps,2025-10-10 18:08:17.983593
HD,2025-10-10,0.7373073144531249,0.367193828125,0.3701134863281249,US_SP500_MEGA,S&P 500 Mega Caps,2025-10-10 18:08:17.983593
BAC,2025-10-10,0.520838125,0.45313046875,0.06770765625,US_SP500_LARGE,S&P 500 Large Caps,2025-10-10 18:08:17.983593
ABBV,2025-10-10,0.6035195898437501,0.465174619140625,0.138344970703125,US_SP500_LARGE,S&P 500 Large Caps,2025-10-10 18:08:17.983593
CRM,2025-10-10,0.4648491015625,0.43685458984375,0.02799451171875,US_SP500_LARGE,S&P 500 Large Caps,2025-10-10 18:08:17.983593
COST,2025-10-10,0.4448297705078125,0.40560490234375,0.0392248681640625,US_SP500_LARGE,S&P 500 Large Caps,2025-10-10 18:08:17.983593
NFLX,2025-10-10,0.494471201171875,0.38021453125,0.114256669921875,US_SP500_LARGE,S&P 500 Large Caps,2025-10-10 18:08:17.983593
CVX,2025-10-10,0.5338588281250001,0.38867798828125,0.14518083984375,US_SP500_LARGE,S&P 500 Large Caps,2025-10-10 18:08:17.983593
MRK,2025-10-10,0.5533898828125001,0.5058643164062501,0.04752556640625,US_SP500_LARGE,S&P 500 Large Caps,2025-10-10 18:08:17.983593
AMD,2025-10-10,0.492192578125,0.492192578125,5.551115123125783e-17,US_SP500_LARGE,S&P 500 Large Caps,2025-10-10 18:08:17.983593
KO,2025-10-10,0.4166725,0.445318046875,-0.0286455468749999,US_SP500_LARGE,S&P 500 Large Caps,2025-10-10 18:08:17.983593
PEP,2025-10-10,0.48438015625,0.4062559374999999,0.07812421875,US_SP500_LARGE,S&P 500 Large Caps,2025-10-10 18:08:17.983593
ACN,2025-10-10,0.571944384765625,0.4934946484375,0.078449736328125,US_SP500_LARGE,S&P 500 Large Caps,2025-10-10 18:08:17.983593
TMO,2025-10-10,0.8911975895182292,0.7286810986328125,0.1625164908854167,US_SP500_LARGE,S&P 500 Large Caps,2025-10-10 18:08:17.983593
CSCO,2025-10-10,0.4908905078125,0.49479671875,-0.0039062109374999,US_SP500_LARGE,S&P 500 Large Caps,2025-10-10 18:08:17.983593
MCD,2025-10-10,0.4075580078125,0.3528710546874999,0.054686953125,US_SP500_LARGE,S&P 500 Large Caps,2025-10-10 18:08:17.983593
ADBE,2025-10-10,0.5649457568359376,0.521814677734375,0.0431310791015626,US_SP500_LARGE,S&P 500 Large Caps,2025-10-10 18:08:17.983593
LIN,2025-10-17,0.3324448266601562,0.3429020788574219,-0.0104572521972656,US_SP500_LARGE,S&P 500 Large Caps,2025-10-10 18:08:17.983593
CMCSA,2025-10-10,1.052737783203125,0.60937890625,0.443358876953125,US_SP500_LARGE,S&P 500 Large Caps,2025-10-10 18:08:17.983593
ABT,2025-10-10,1.0605486263020836,0.5553429882812501,0.5052056380208335,US_SP500_LARGE,S&P 500 Large Caps,2025-10-10 18:08:17.983593
INTC,2025-10-10,0.5612023046875,0.6562534375000001,-0.0950511328125001,US_SP500_LARGE,S&P 500 Large Caps,2025-10-10 18:08:17.983593
DHR,2025-10-10,0.746098115234375,0.7579776806640625,-0.0118795654296874,US_SP500_LARGE,S&P 500 Large Caps,2025-10-10 18:08:17.983593
AAPL,2025-10-10,0.39063109375,0.38021453125,0.0104165625,US_TECH,US Technology,2025-10-10 18:08:17.983593
AMZN,2025-10-10,0.44857322265625,0.4518283984375,-0.00325517578125,US_TECH,US Technology,2025-10-10 18:08:17.983593
MSFT,2025-10-10,0.4811249804687501,0.34896484375,0.1321601367187501,US_TECH,US Technology,2025-10-10 18:08:17.983593
NVDA,2025-10-10,0.5169319140625,0.4674532421875,0.049478671875,US_TECH,US Technology,2025-10-10 18:08:17.983593
META,2025-10-10,0.42513595703125,0.3808655664062499,0.044270390625,US_TECH,US Technology,2025-10-10 18:08:17.983593
GOOGL,2025-10-10,0.4700573828124999,0.44727115234375,0.0227862304687499,US_TECH,US Technology,2025-10-10 18:08:17.983593
AVGO,2025-10-10,0.5553429882812501,0.464523583984375,0.090819404296875,US_TECH,US Technology,2025-10-10 18:08:17.983593
TSLA,2025-10-10,0.44857322265625,0.50716638671875,-0.0585931640625,US_TECH,US Technology,2025-10-10 18:08:17.983593
ORCL,2025-10-10,0.5097705273437501,0.52930158203125,-0.0195310546874999,US_TECH,US Technology,2025-10-10 18:08:17.983593
NFLX,2025-10-10,0.4969125830078125,0.377284873046875,0.1196277099609374,US_TECH,US Technology,2025-10-10 18:08:17.983593
AMD,2025-10-10,0.499028447265625,0.4868215380859375,0.0122069091796874,US_TECH,US Technology,2025-10-10 18:08:17.983593
CRM,2025-10-10,0.466151171875,0.43294837890625,0.0332027929687499,US_TECH,US Technology,2025-10-10 18:08:17.983593
CSCO,2025-10-10,0.47396359375,0.4934946484375,-0.0195310546874999,US_TECH,US Technology,2025-10-10 18:08:17.983593
INTC,2025-10-10,0.570316796875,0.6523472265625,-0.0820304296874999,US_TECH,US Technology,2025-10-10 18:08:17.983593
TXN,2025-10-10,0.58008232421875,0.5781292187500001,0.0019531054687498,US_TECH,US Technology,2025-10-10 18:08:17.983593
QCOM,2025-10-10,0.678714150390625,0.552413330078125,0.1263008203125,US_TECH,US Technology,2025-10-10 18:08:17.983593
INTU,2025-10-10,0.6443720458984376,0.6153196020507813,0.0290524438476562,US_TECH,US Technology,2025-10-10 18:08:17.983593
ADBE,2025-10-10,0.5649457568359376,0.521814677734375,0.0431310791015626,US_TECH,US Technology,2025-10-10 18:08:17.983593
IBM,2025-10-10,0.54167125,0.3737041796875,0.1679670703125,US_TECH,US Technology,2025-10-10 18:08:17.983593
NOW,2025-10-10,0.5020394848632813,0.52799951171875,-0.0259600268554687,US_TECH,US Technology,2025-10-10 18:08:17.983593
V,2025-10-10,0.50846845703125,0.473638076171875,0.0348303808593749,US_FINANCE,US Financials,2025-10-10 18:08:17.983593
BAC,2025-10-10,0.5234422656250001,0.45313046875,0.070311796875,US_FINANCE,US Financials,2025-10-10 18:08:17.983593
WFC,2025-10-10,0.429693203125,0.4479221874999999,-0.0182289843749999,US_FINANCE,US Financials,2025-10-10 18:08:17.983593
MA,2025-10-10,0.5113981152343751,0.492518095703125,0.01888001953125,US_FINANCE,US Financials,2025-10-10 18:08:17.983593
JPM,2025-10-10,0.6354220182291667,0.38021453125,0.2552074869791667,US_FINANCE,US Financials,2025-10-10 18:08:17.983593
MS,2025-10-10,0.5559940234375,0.4212297460937499,0.13476427734375,US_FINANCE,US Financials,2025-10-10 18:08:17.983593
BX,2025-10-10,0.7236374625651042,0.52148916015625,0.2021483024088541,US_FINANCE,US Financials,2025-10-10 18:08:17.983593
GS,2025-10-10,0.5440312524414063,0.463221513671875,0.0808097387695312,US_FINANCE,US Financials,2025-10-10 18:08:17.983593
C,2025-10-10,0.4960987890625,0.507817421875,-0.0117186328125,US_FINANCE,US Financials,2025-10-10 18:08:17.983593
CB,2025-10-17,0.4069883520507812,0.3679262426757812,0.039062109375,US_FINANCE,US Financials,2025-10-10 18:08:17.983593
PGR,2025-10-10,0.6826203613281251,0.50716638671875,0.175453974609375,US_FINANCE,US Financials,2025-10-10 18:08:17.983593
AXP,2025-10-10,0.47201048828125,0.455734609375,0.0162758789062499,US_FINANCE,US Financials,2025-10-10 18:08:17.983593
BLK,2025-10-10,0.7134224621582032,0.4292049267578124,0.2842175354003907,US_FINANCE,US Financials,2025-10-10 18:08:17.983593
SPGI,2025-10-10,0.9018584903971356,0.8648306746419271,0.0370278157552084,US_FINANCE,US Financials,2025-10-10 18:08:17.983593
CME,2025-10-17,0.3405827661132812,0.2534254345703125,0.0871573315429687,US_FINANCE,US Financials,2025-10-10 18:08:17.983593
USB,2025-10-10,0.617191328125,0.48438015625,0.1328111718749999,US_FINANCE,US Financials,2025-10-10 18:08:17.983593
MMC,2025-10-17,0.4733939379882812,0.3579165771484375,0.1154773608398437,US_FINANCE,US Financials,2025-10-10 18:08:17.983593
PNC,2025-10-10,0.53320779296875,0.9423873909505208,-0.4091795979817709,US_FINANCE,US Financials,2025-10-10 18:08:17.983593
COF,2025-10-10,0.603194072265625,0.5247443359375,0.078449736328125,US_FINANCE,US Financials,2025-10-10 18:08:17.983593
TFC,2025-10-10,0.48438015625,0.903649453125,-0.4192692968749998,US_FINANCE,US Financials,2025-10-10 18:08:17.983593
ABBV,2025-10-10,0.6035195898437501,0.465174619140625,0.138344970703125,US_HEALTH,US Healthcare,2025-10-10 18:08:17.983593
MRK,2025-10-10,0.5520878125,0.507817421875,0.044270390625,US_HEALTH,US Healthcare,2025-10-10 18:08:17.983593
JNJ,2025-10-10,0.4101621484375,0.4303442382812499,-0.0201820898437499,US_HEALTH,US Healthcare,2025-10-10 18:08:17.983593
UNH,2025-10-10,0.48893740234375,0.4179745703124999,0.07096283203125,US_HEALTH,US Healthcare,2025-10-10 18:08:17.983593
LLY,2025-10-10,0.444992529296875,0.4456435644531251,-0.00065103515625,US_HEALTH,US Healthcare,2025-10-10 18:08:17.983593
ABT,2025-10-10,1.0631527701822918,0.5533898828125,0.5097628873697918,US_HEALTH,US Healthcare,2025-10-10 18:08:17.983593
BMY,2025-10-10,0.6106809765625,0.500005,0.1106759765624999,US_HEALTH,US Healthcare,2025-10-10 18:08:17.983593
DHR,2025-10-10,0.746098115234375,0.7579776806640625,-0.0118795654296874,US_HEALTH,US Healthcare,2025-10-10 18:08:17.983593
TMO,2025-10-10,0.8911975895182292,0.7286810986328125,0.1625164908854167,US_HEALTH,US Healthcare,2025-10-10 18:08:17.983593
AMGN,2025-10-10,0.5026091406250001,0.51497880859375,-0.0123696679687499,US_HEALTH,US Healthcare,2025-10-10 18:08:17.983593
PFE,2025-10-10,0.492192578125,0.507817421875,-0.0156248437499999,US_HEALTH,US Healthcare,2025-10-10 18:08:17.983593
CVS,2025-10-10,0.5221401953124999,0.54687953125,-0.0247393359375001,US_HEALTH,US Healthcare,2025-10-10 18:08:17.983593
GILD,2025-10-10,0.65560240234375,0.60091544921875,0.054686953125,US_HEALTH,US Healthcare,2025-10-10 18:08:17.983593
ISRG,2025-10-10,0.688479677734375,0.501632587890625,0.1868470898437499,US_HEALTH,US Healthcare,2025-10-10 18:08:17.983593
VRTX,2025-10-10,0.7886593798828124,0.5143277734375,0.2743316064453124,US_HEALTH,US Healthcare,2025-10-10 18:08:17.983593
ZTS,2025-10-17,0.2978585839843749,0.2939523730468749,0.0039062109374999,US_HEALTH,US Healthcare,2025-10-10 18:08:17.983593
MCK,2025-10-10,0.7618025122070313,0.7237576452636718,0.0380448669433595,US_HEALTH,US Healthcare,2025-10-10 18:08:17.983593
CI,2025-10-10,0.9156926505533854,0.693036923828125,0.2226557267252604,US_HEALTH,US Healthcare,2025-10-10 18:08:17.983593
ELV,2025-10-17,0.4078428356933594,0.3722596954345702,0.0355831402587891,US_HEALTH,US Healthcare,2025-10-10 18:08:17.983593
REGN,2025-10-10,0.8223487817382811,0.8144566560872396,0.0078921256510414,US_HEALTH,US Healthcare,2025-10-10 18:08:17.983593
COST,2025-10-10,0.433924931640625,0.414393876953125,0.0195310546874999,US_CONSUMER,US Consumer,2025-10-10 18:08:17.983593
WMT,2025-10-10,0.5013070703125,0.5143277734375,-0.013020703125,US_CONSUMER,US Consumer,2025-10-10 18:08:17.983593
AMZN,2025-10-10,0.44857322265625,0.450526328125,-0.00195310546875,US_CONSUMER,US Consumer,2025-10-10 18:08:17.983593
HD,2025-10-10,0.7373073144531249,0.367193828125,0.3701134863281249,US_CONSUMER,US Consumer,2025-10-10 18:08:17.983593
TSLA,2025-10-10,0.43945873046875,0.5117236328125,-0.0722649023437499,US_CONSUMER,US Consumer,2025-10-10 18:08:17.983593
MCD,2025-10-10,0.40690697265625,0.3528710546874999,0.05403591796875,US_CONSUMER,US Consumer,2025-10-10 18:08:17.983593
SBUX,2025-10-10,0.6041706250000001,0.47396359375,0.13020703125,US_CONSUMER,US Consumer,2025-10-10 18:08:17.983593
TGT,2025-10-10,0.570316796875,0.47396359375,0.096353203125,US_CONSUMER,US Consumer,2025-10-10 18:08:17.983593
NKE,2025-10-10,0.4687553125,0.497400859375,-0.028645546875,US_CONSUMER,US Consumer,2025-10-10 18:08:17.983593
LOW,2025-10-10,0.8640177148437502,0.579756806640625,0.2842609082031252,US_CONSUMER,US Consumer,2025-10-10 18:08:17.983593
DIS,2025-10-10,0.5299526171875001,0.429693203125,0.1002594140625001,US_CONSUMER,US Consumer,2025-10-10 18:08:17.983593
ABNB,2025-10-10,0.646162392578125,0.5221401953125001,0.1240221972656249,US_CONSUMER,US Consumer,2025-10-10 18:08:17.983593
BKNG,2025-10-10,0.7102486657714845,0.5794109442138672,0.1308377215576173,US_CONSUMER,US Consumer,2025-10-10 18:08:17.983593
MAR,2025-10-10,0.9609397045898436,0.7148466015625,0.2460931030273435,US_CONSUMER,US Consumer,2025-10-10 18:08:17.983593
GM,2025-10-10,0.5273484765625001,0.440109765625,0.0872387109375,US_CONSUMER,US Consumer,2025-10-10 18:08:17.983593
F,2025-10-10,0.48438015625,0.5625043750000001,-0.07812421875,US_CONSUMER,US Consumer,2025-10-10 18:08:17.983593
YUM,2025-10-17,0.6196327099609377,0.3554751953124999,0.2641575146484377,US_CONSUMER,US Consumer,2025-10-10 18:08:17.983593
CMG,2025-10-10,0.5286505468750001,0.5234422656250001,0.00520828125,US_CONSUMER,US Consumer,2025-10-10 18:08:17.983593
ROST,2025-10-10,1.2125690413411456,0.610355458984375,0.6022135823567706,US_CONSUMER,US Consumer,2025-10-10 18:08:17.983593
ORLY,2025-10-17,0.3798890136718749,0.2651440673828125,0.1147449462890624,US_CONSUMER,US Consumer,2025-10-10 18:08:17.983593
XOM,2025-10-10,0.43229734375,0.3984435156250001,0.0338538281249999,US_ENERGY,US Energy & Materials,2025-10-10 18:08:17.983593
SLB,2025-10-10,0.73242455078125,0.7265652343750001,0.0058593164062499,US_ENERGY,US Energy & Materials,2025-10-10 18:08:17.983593
EOG,2025-10-10,0.5306036523437501,0.5104215625,0.02018208984375,US_ENERGY,US Energy & Materials,2025-10-10 18:08:17.983593
CVX,2025-10-10,0.5338588281250001,0.38867798828125,0.14518083984375,US_ENERGY,US Energy & Materials,2025-10-10 18:08:17.983593
PXD,,,,,US_ENERGY,US Energy & Materials,2025-10-10 18:08:17.983593
MPC,2025-10-17,0.352545537109375,0.3864807446289062,-0.0339352075195311,US_ENERGY,US Energy & Materials,2025-10-10 18:08:17.983593
COP,2025-10-10,0.6184933984375,0.60612373046875,0.0123696679687499,US_ENERGY,US Energy & Materials,2025-10-10 18:08:17.983593
HAL,2025-10-10,0.7734425781250001,0.6679720703125,0.1054705078125,US_ENERGY,US Energy & Materials,2025-10-10 18:08:17.983593
OXY,2025-10-10,0.690107265625,0.497400859375,0.1927064062499999,US_ENERGY,US Energy & Materials,2025-10-10 18:08:17.983593
WMB,2025-10-10,1.4218787109374995,1.2202172094726562,0.2016615014648435,US_ENERGY,US Energy & Materials,2025-10-10 18:08:17.983593
VLO,2025-10-10,0.6920603710937501,0.5771526660156251,0.1149077050781249,US_ENERGY,US Energy & Materials,2025-10-10 18:08:17.983593
PSX,2025-10-10,0.99739994140625,0.5325567578125001,0.4648431835937497,US_ENERGY,US Energy & Materials,2025-10-10 18:08:17.983593
KMI,2025-10-10,1.357423212890625,0.5234422656250001,0.8339809472656249,US_ENERGY,US Energy & Materials,2025-10-10 18:08:17.983593
HES,,,,,US_ENERGY,US Energy & Materials,2025-10-10 18:08:17.983593
LNG,2025-10-10,0.9350630981445311,0.6002644140625001,0.334798684082031,US_ENERGY,US Energy & Materials,2025-10-10 18:08:17.983593
FANG,2025-10-17,0.4065000756835937,0.4770560107421875,-0.0705559350585938,US_ENERGY,US Energy & Materials,2025-10-10 18:08:17.983593
DVN,2025-10-10,0.7812540364583334,0.601566484375,0.1796875520833333,US_ENERGY,US Energy & Materials,2025-10-10 18:08:17.983593
MRO,,,,,US_ENERGY,US Energy & Materials,2025-10-10 18:08:17.983593
BKR,2025-10-17,0.4194393994140625,0.460942890625,-0.0415034912109375,US_ENERGY,US Energy & Materials,2025-10-10 18:08:17.983593
TRGP,2025-10-17,0.377935908203125,0.5426071130371094,-0.1646712048339844,US_ENERGY,US Energy & Materials,2025-10-10 18:08:17.983593
RTX,2025-10-10,0.5794312890625001,0.4589897851562499,0.1204415039062501,US_INDUSTRIAL,US Industrials,2025-10-10 18:08:17.983593
CAT,2025-10-10,0.5133512207031251,0.495773271484375,0.0175779492187501,US_INDUSTRIAL,US Industrials,2025-10-10 18:08:17.983593
GE,2025-10-10,0.5994506201171875,0.51367673828125,0.0857738818359374,US_INDUSTRIAL,US Industrials,2025-10-10 18:08:17.983593
BA,2025-10-10,0.513025703125,0.440109765625,0.0729159374999999,US_INDUSTRIAL,US Industrials,2025-10-10 18:08:17.983593
UPS,2025-10-10,0.5716188671875001,0.44271390625,0.1289049609375001,US_INDUSTRIAL,US Industrials,2025-10-10 18:08:17.983593
HON,2025-10-10,0.624678232421875,0.624678232421875,0.0,US_INDUSTRIAL,US Industrials,2025-10-10 18:08:17.983593
UNP,2025-10-10,0.6295609960937499,0.7806029573567709,-0.1510419612630209,US_INDUSTRIAL,US Industrials,2025-10-10 18:08:17.983593
ADP,2025-10-10,0.609053388671875,0.596032685546875,0.0130207031249999,US_INDUSTRIAL,US Industrials,2025-10-10 18:08:17.983593
LMT,2025-10-10,0.920738271484375,0.8238949902343751,0.0968432812499999,US_INDUSTRIAL,US Industrials,2025-10-10 18:08:17.983593
GD,2025-10-10,0.7726259716796875,0.437505625,0.3351203466796875,US_INDUSTRIAL,US Industrials,2025-10-10 18:08:17.983593
NOC,2025-10-17,0.3813334979248046,0.388901781616211,-0.0075682836914063,US_INDUSTRIAL,US Industrials,2025-10-10 18:08:17.983593
ITW,2025-10-17,0.3344793115234374,0.2563550927734375,0.0781242187499999,US_INDUSTRIAL,US Industrials,2025-10-10 18:08:17.983593
DE,2025-10-10,0.63607134765625,0.467778759765625,0.1682925878906249,US_INDUSTRIAL,US Industrials,2025-10-10 18:08:17.983593
MMM,2025-10-10,0.58919681640625,0.4655001367187499,0.1236966796875,US_INDUSTRIAL,US Industrials,2025-10-10 18:08:17.983593
ETN,2025-10-10,0.8898122998046875,0.6453485986328126,0.2444637011718748,US_INDUSTRIAL,US Industrials,2025-10-10 18:08:17.983593
TT,2025-10-17,0.294806856689453,0.3902648864746094,-0.0954580297851563,US_INDUSTRIAL,US Industrials,2025-10-10 18:08:17.983593
EMR,2025-10-10,0.91080986328125,0.8167336035156249,0.094076259765625,US_INDUSTRIAL,US Industrials,2025-10-10 18:08:17.983593
CSX,2025-10-10,1.4726599169921872,0.67383138671875,0.7988285302734373,US_INDUSTRIAL,US Industrials,2025-10-10 18:08:17.983593
WM,2025-10-17,0.3144599804687499,0.2387771435546875,0.0756828369140624,US_INDUSTRIAL,US Industrials,2025-10-10 18:08:17.983593
NSC,2025-10-10,0.621423056640625,0.4570366796875,0.1643863769531249,US_INDUSTRIAL,US Industrials,2025-10-10 18:08:17.983593
PANW,2025-10-10,0.55013470703125,0.5091194921875,0.04101521484375,US_SMALL_MID,US Small/Mid Caps,2025-10-10 18:08:17.983593
PLTR,2025-10-10,0.5299526171875,0.5052132812500001,0.0247393359374998,US_SMALL_MID,US Small/Mid Caps,2025-10-10 18:08:17.983593
MRVL,2025-10-10,0.5976602734375001,0.6582065429687501,-0.06054626953125,US_SMALL_MID,US Small/Mid Caps,2025-10-10 18:08:17.983593
SNOW,2025-10-10,0.703453486328125,0.5322312402343751,0.1712222460937499,US_SMALL_MID,US Small/Mid Caps,2025-10-10 18:08:17.983593
CRWD,2025-10-10,0.5029346582031251,0.5115608740234375,-0.0086262158203124,US_SMALL_MID,US Small/Mid Caps,2025-10-10 18:08:17.983593
FTNT,2025-10-10,0.66341482421875,0.4570366796875,0.2063781445312499,US_SMALL_MID,US Small/Mid Caps,2025-10-10 18:08:17.983593
TEAM,2025-10-10,1.0439479768880209,0.5462284960937501,0.4977194807942705,US_SMALL_MID,US Small/Mid Caps,2025-10-10 18:08:17.983593
DDOG,2025-10-10,0.59180095703125,0.627933408203125,-0.036132451171875,US_SMALL_MID,US Small/Mid Caps,2025-10-10 18:08:17.983593
NET,2025-10-10,0.5908244042968751,0.6933624414062501,-0.102538037109375,US_SMALL_MID,US Small/Mid Caps,2025-10-10 18:08:17.983593
UBER,2025-10-10,0.5683636914062499,0.4752656640625001,0.0930980273437497,US_SMALL_MID,US Small/Mid Caps,2025-10-10 18:08:17.983593
ZS,2025-10-10,0.7000372517903646,0.628584443359375,0.0714528084309895,US_SMALL_MID,US Small/Mid Caps,2025-10-10 18:08:17.983593
LYFT,2025-10-10,0.6718782812500002,0.710940390625,-0.0390621093749998,US_SMALL_MID,US Small/Mid Caps,2025-10-10 18:08:17.983593
DASH,2025-10-10,0.5716188671875001,0.51367673828125,0.05794212890625,US_SMALL_MID,US Small/Mid Caps,2025-10-10 18:08:17.983593
SQ,,,,,US_SMALL_MID,US Small/Mid Caps,2025-10-10 18:08:17.983593
COIN,2025-10-10,0.7052455167643229,0.70117486328125,0.0040706534830728,US_SMALL_MID,US Small/Mid Caps,2025-10-10 18:08:17.983593
U,2025-10-10,0.5898478515625001,0.8007832421875,-0.2109353906249998,US_SMALL_MID,US Small/Mid Caps,2025-10-10 18:08:17.983593
RBLX,2025-10-10,0.5514367773437501,0.5794312890625001,-0.02799451171875,US_SMALL_MID,US Small/Mid Caps,2025-10-10 18:08:17.983593
AFRM,2025-10-10,0.8710969921875001,0.5755250781250001,0.2955719140625,US_SMALL_MID,US Small/Mid Caps,2025-10-10 18:08:17.983593
RIVN,2025-10-10,0.6875031250000001,0.5312546875,0.1562484375,US_SMALL_MID,US Small/Mid Caps,2025-10-10 18:08:17.983593
LCID,2025-10-10,0.6835969140625,0.6718782812500002,0.0117186328124998,US_SMALL_MID,US Small/Mid Caps,2025-10-10 18:08:17.983593
NOK,2025-10-10,0.7500025,0.5625043750000001,0.1874981249999999,US_MEME,US Retail Favorites,2025-10-10 18:08:17.983593
WISH,,,,,US_MEME,US Retail Favorites,2025-10-10 18:08:17.983593
BB,2025-10-10,0.7812556249999999,0.8750040625000001,-0.0937484375000001,US_MEME,US Retail Favorites,2025-10-10 18:08:17.983593
AMC,2025-10-10,0.8125059375,0.9062509375,-0.0937449999999999,US_MEME,US Retail Favorites,2025-10-10 18:08:17.983593
GME,2025-10-10,0.2500075,0.2500075,0.0,US_MEME,US Retail Favorites,2025-10-10 18:08:17.983593
BBBY,2025-10-10,0.500005,0.2500075,0.2499975,US_MEME,US Retail Favorites,2025-10-10 18:08:17.983593
CLOV,2025-10-10,0.7500025,1.53125234375,-0.7812498437499998,US_MEME,US Retail Favorites,2025-10-10 18:08:17.983593
SPCE,2025-10-10,1.0625046875000002,1.421877890625,-0.3593732031249999,US_MEME,US Retail Favorites,2025-10-10 18:08:17.983593
HOOD,2025-10-10,0.5612023046875,0.6731803515625002,-0.1119780468750002,US_MEME,US Retail Favorites,2025-10-10 18:08:17.983593
NIO,2025-10-10,0.6250037500000001,0.85937640625,-0.2343726562499999,US_MEME,US Retail Favorites,2025-10-10 18:08:17.983593
SOFI,2025-10-10,0.570316796875,0.789064609375,-0.2187478124999999,US_MEME,US Retail Favorites,2025-10-10 18:08:17.983593
PLTR,2025-10-10,0.5319057226562499,0.49414568359375,0.0377600390624998,US_MEME,US Retail Favorites,2025-10-10 18:08:17.983593
RIVN,2025-10-10,0.6875031250000001,0.5312546875,0.1562484375,US_MEME,US Retail Favorites,2025-10-10 18:08:17.983593
LCID,2025-10-10,0.6835969140625,0.6718782812500002,0.0117186328124998,US_MEME,US Retail Favorites,2025-10-10 18:08:17.983593
AFRM,2025-10-10,0.8710969921875001,0.5755250781250001,0.2955719140625,US_MEME,US Retail Favorites,2025-10-10 18:08:17.983593
RBLX,2025-10-10,0.5514367773437501,0.5794312890625001,-0.02799451171875,US_MEME,US Retail Favorites,2025-10-10 18:08:17.983593
COIN,2025-10-10,0.7052455167643229,0.70117486328125,0.0040706534830728,US_MEME,US Retail Favorites,2025-10-10 18:08:17.983593
SKLZ,2025-10-17,1.2421912890624998,1.140629296875,0.1015619921874997,US_MEME,US Retail Favorites,2025-10-10 18:08:17.983593
DKNG,2025-10-10,0.5273484765625001,0.6445348046875001,-0.117186328125,US_MEME,US Retail Favorites,2025-10-10 18:08:17.983593
OPEN,2025-10-10,0.5937540625000001,0.87500125,-0.2812471874999999,US_MEME,US Retail Favorites,2025-10-10 18:08:17.983593
EEM,2025-10-10,0.520838125,0.4687553125000001,0.0520828124999999,ETF_MAJOR,Major ETFs,2025-10-10 18:08:17.983593
DIA,2025-10-10,0.4160214648437499,0.3737041796874999,0.0423172851562499,ETF_MAJOR,Major ETFs,2025-10-10 18:08:17.983593
QQQ,2025-10-10,0.3658917578125,0.3359441406249999,0.0299476171875,ETF_MAJOR,Major ETFs,2025-10-10 18:08:17.983593
IWM,2025-10-10,0.3932352343749999,0.3880269531249999,0.0052082812499999,ETF_MAJOR,Major ETFs,2025-10-10 18:08:17.983593
EFA,2025-10-10,0.395839375,0.437505625,-0.04166625,ETF_MAJOR,Major ETFs,2025-10-10 18:08:17.983593
SPY,2025-10-10,0.354173125,0.3359441406249999,0.018228984375,ETF_MAJOR,Major ETFs,2025-10-10 18:08:17.983593
SLV,2025-10-10,0.476567734375,0.52604640625,-0.0494786718749999,ETF_MAJOR,Major ETFs,2025-10-10 18:08:17.983593
GLD,2025-10-10,0.4388076953125,0.424484921875,0.0143227734375,ETF_MAJOR,Major ETFs,2025-10-10 18:08:17.983593
TLT,2025-10-10,0.437505625,0.424484921875,0.013020703125,ETF_MAJOR,Major ETFs,2025-10-10 18:08:17.983593
XLF,2025-10-10,0.450526328125,0.437505625,0.013020703125,ETF_MAJOR,Major ETFs,2025-10-10 18:08:17.983593
HYG,2025-10-10,0.4687553125000001,0.38021453125,0.08854078125,ETF_MAJOR,Major ETFs,2025-10-10 18:08:17.983593
XLE,2025-10-10,0.437505625,0.429693203125,0.007812421875,ETF_MAJOR,Major ETFs,2025-10-10 18:08:17.983593
XLK,2025-10-10,0.5950561328125,0.44596908203125,0.14908705078125,ETF_MAJOR,Major ETFs,2025-10-10 18:08:17.983593
XLI,2025-10-10,0.395839375,0.3828186718749999,0.013020703125,ETF_MAJOR,Major ETFs,2025-10-10 18:08:17.983593
XLV,2025-10-10,0.5045622460937501,0.6741589794921873,-0.1695967333984371,ETF_MAJOR,Major ETFs,2025-10-10 18:08:17.983593
XLP,2025-10-10,0.486984296875,0.49479671875,-0.007812421875,ETF_MAJOR,Major ETFs,2025-10-10 18:08:17.983593
XLY,2025-10-10,1.0519238053385418,0.501632587890625,0.5502912174479168,ETF_MAJOR,Major ETFs,2025-10-10 18:08:17.983593
XLRE,2025-10-17,0.9155320971679688,0.2812571875,0.6342749096679687,ETF_MAJOR,Major ETFs,2025-10-10 18:08:17.983593
XLU,2025-10-10,0.4687553125000001,0.5195360546875001,-0.0507807421875,ETF_MAJOR,Major ETFs,2025-10-10 18:08:17.983593
XLC,2025-10-10,1.1162134326171875,0.885420128580729,0.2307933040364584,ETF_MAJOR,Major ETFs,2025-10-10 18:08:17.983593
AAPL,2025-10-17,0.46110564941406257,0.33333999999999997,0.1277656494140626,US_SP500_MEGA,S&P 500 Mega Caps,2025-10-11 21:01:02.294961
AMZN,2025-10-17,0.5207567456054688,0.395839375,0.12491737060546881,US_SP500_MEGA,S&P 500 Mega Caps,2025-10-11 21:01:02.294961
NVDA,2025-10-17,0.6473017041015625,0.462570478515625,0.18473122558593752,US_SP500_MEGA,S&P 500 Mega Caps,2025-10-11 21:01:02.294961
GOOGL,2025-10-17,0.43010010009765626,0.36605451660156246,0.0640455834960938,US_SP500_MEGA,S&P 500 Mega Caps,2025-10-11 21:01:02.294961
MSFT,2025-10-17,0.4714408325195312,0.29134823242187496,0.18009260009765626,US_SP500_MEGA,S&P 500 Mega Caps,2025-10-11 21:01:02.294961
AVGO,2025-10-17,0.6897003686523439,0.5005746557617188,0.18912571289062508,US_SP500_MEGA,S&P 500 Mega Caps,2025-10-11 21:01:02.294961
LLY,2025-10-17,0.5339605523681642,0.48462429443359384,0.04933625793457036,US_SP500_MEGA,S&P 500 Mega Caps,2025-10-11 21:01:02.294961
TSLA,2025-10-17,0.6602817175292969,0.5677940356445312,0.09248768188476564,US_SP500_MEGA,S&P 500 Mega Caps,2025-10-11 21:01:02.294961
META,2025-10-17,0.5040332800292969,0.38745729736328127,0.11657598266601565,US_SP500_MEGA,S&P 500 Mega Caps,2025-10-11 21:01:02.294961
BRK-B,2025-10-17,0.37956349609375,0.32764344238281246,0.05192005371093755,US_SP500_MEGA,S&P 500 Mega Caps,2025-10-11 21:01:02.294961
XOM,2025-10-17,0.4687553125000001,0.3346420703125,0.1341132421875001,US_SP500_MEGA,S&P 500 Mega Caps,2025-10-11 21:01:02.294961
JPM,2025-10-17,0.558923681640625,0.4628146166992188,0.0961090649414062,US_SP500_MEGA,S&P 500 Mega Caps,2025-10-11 21:01:02.294961
V,2025-10-17,0.39193316406250006,0.3406641455078125,0.05126901855468757,US_SP500_MEGA,S&P 500 Mega Caps,2025-10-11 21:01:02.294961
UNH,2025-10-17,0.47217324707031255,0.44141183593749994,0.03076141113281261,US_SP500_MEGA,S&P 500 Mega Caps,2025-10-11 21:01:02.294961
WMT,2025-10-17,0.44336494140625,0.40820904296875,0.0351558984375,US_SP500_MEGA,S&P 500 Mega Caps,2025-10-11 21:01:02.294961
JNJ,2025-10-17,0.43815666015625004,0.36524072265624996,0.07291593750000008,US_SP500_MEGA,S&P 500 Mega Caps,2025-10-11 21:01:02.294961
MA,2025-10-17,0.5843547424316407,0.3886372985839844,0.19571744384765627,US_SP500_MEGA,S&P 500 Mega Caps,2025-10-11 21:01:02.294961
PG,2025-10-17,0.4558159887695313,0.37891246093750003,0.07690352783203125,US_SP500_MEGA,S&P 500 Mega Caps,2025-10-11 21:01:02.294961
ORCL,2025-10-17,0.7979349633789062,0.7629011340332031,0.035033829345703094,US_SP500_MEGA,S&P 500 Mega Caps,2025-10-11 21:01:02.294961
HD,2025-10-17,0.4411676977539063,0.36979796875,0.07136972900390631,US_SP500_MEGA,S&P 500 Mega Caps,2025-10-11 21:01:02.294961
ABBV,2025-10-17,0.5109098388671875,0.47852083984375,0.03238899902343756,US_SP500_LARGE,S&P 500 Large Caps,2025-10-11 21:01:02.294961
BAC,2025-10-17,0.5520878125,0.46419806640625,0.08788974609375005,US_SP500_LARGE,S&P 500 Large Caps,2025-10-11 21:01:02.294961
CRM,2025-10-17,0.508142939453125,0.5240933007812499,-0.015950361328124885,US_SP500_LARGE,S&P 500 Large Caps,2025-10-11 21:01:02.294961
NFLX,2025-10-17,0.4155331884765625,0.36369451416015625,0.051838674316406264,US_SP500_LARGE,S&P 500 Large Caps,2025-10-11 21:01:02.294961
COST,2025-10-17,0.5185391571044922,0.3528710546875,0.16566810241699215,US_SP500_LARGE,S&P 500 Large Caps,2025-10-11 21:01:02.294961
MRK,2025-10-17,0.47070841796875,0.38867798828124994,0.08203042968750007,US_SP500_LARGE,S&P 500 Large Caps,2025-10-11 21:01:02.294961
CVX,2025-10-17,0.411138701171875,0.4362035546875,-0.025064853515624985,US_SP500_LARGE,S&P 500 Large Caps,2025-10-11 21:01:02.294961
KO,2025-10-17,0.47461462890625006,0.34505863281250004,0.12955599609375001,US_SP500_LARGE,S&P 500 Large Caps,2025-10-11 21:01:02.294961
AMD,2025-10-17,0.7566756103515625,0.6528355029296876,0.10384010742187488,US_SP500_LARGE,S&P 500 Large Caps,2025-10-11 21:01:02.294961
PEP,2025-10-17,0.47982291015625006,0.33399103515624995,0.1458318750000001,US_SP500_LARGE,S&P 500 Large Caps,2025-10-11 21:01:02.294961
ADBE,2025-10-17,0.43449458740234376,0.43425044921875,0.00024413818359375616,US_SP500_LARGE,S&P 500 Large Caps,2025-10-11 21:01:02.294961
CSCO,2025-10-17,0.4576877148437501,0.42318285156249996,0.03450486328125013,US_SP500_LARGE,S&P 500 Large Caps,2025-10-11 21:01:02.294961
MCD,2025-10-17,0.4939829248046875,0.4012917944335937,0.09269113037109378,US_SP500_LARGE,S&P 500 Large Caps,2025-10-11 21:01:02.294961
TMO,2025-10-17,0.6170692590332032,0.5543257458496094,0.06274351318359384,US_SP500_LARGE,S&P 500 Large Caps,2025-10-11 21:01:02.294961
ACN,2025-10-17,0.5232795068359376,0.39925730957031247,0.12402219726562513,US_SP500_LARGE,S&P 500 Large Caps,2025-10-11 21:01:02.294961
INTC,2025-10-17,0.75846595703125,0.6982452050781252,0.06022075195312482,US_SP500_LARGE,S&P 500 Large Caps,2025-10-11 21:01:02.294961
LIN,2025-10-17,0.5600223034667969,0.5055794885253907,0.05444281494140624,US_SP500_LARGE,S&P 500 Large Caps,2025-10-11 21:01:02.294961
ABT,2025-10-17,0.52539537109375,0.5571333349609375,-0.031737963867187524,US_SP500_LARGE,S&P 500 Large Caps,2025-10-11 21:01:02.294961
DHR,2025-10-17,0.5947306152343751,0.560876787109375,0.03385382812500004,US_SP500_LARGE,S&P 500 Large Caps,2025-10-11 21:01:02.294961
CMCSA,2025-10-17,0.422857333984375,0.46029185546875,-0.03743452148437504,US_SP500_LARGE,S&P 500 Large Caps,2025-10-11 21:01:02.294961
MSFT,2025-10-17,0.4714408325195312,0.29134823242187496,0.18009260009765626,US_TECH,US Technology,2025-10-11 21:01:02.294961
AMZN,2025-10-17,0.5207567456054688,0.395839375,0.12491737060546881,US_TECH,US Technology,2025-10-11 21:01:02.294961
AAPL,2025-10-17,0.46110564941406257,0.33333999999999997,0.1277656494140626,US_TECH,US Technology,2025-10-11 21:01:02.294961
NVDA,2025-10-17,0.6473017041015625,0.462570478515625,0.18473122558593752,US_TECH,US Technology,2025-10-11 21:01:02.294961
META,2025-10-17,0.5040332800292969,0.38745729736328127,0.11657598266601565,US_TECH,US Technology,2025-10-11 21:01:02.294961
GOOGL,2025-10-17,0.43010010009765626,0.36605451660156246,0.0640455834960938,US_TECH,US Technology,2025-10-11 21:01:02.294961
ORCL,2025-10-17,0.7979349633789062,0.7629011340332031,0.035033829345703094,US_TECH,US Technology,2025-10-11 21:01:02.294961
NFLX,2025-10-17,0.4155331884765625,0.36369451416015625,0.051838674316406264,US_TECH,US Technology,2025-10-11 21:01:02.294961
TSLA,2025-10-17,0.6602817175292969,0.5677940356445312,0.09248768188476564,US_TECH,US Technology,2025-10-11 21:01:02.294961
AVGO,2025-10-17,0.6897003686523439,0.5005746557617188,0.18912571289062508,US_TECH,US Technology,2025-10-11 21:01:02.294961
AMD,2025-10-17,0.7566756103515625,0.6528355029296876,0.10384010742187488,US_TECH,US Technology,2025-10-11 21:01:02.294961
CRM,2025-10-17,0.508142939453125,0.5240933007812499,-0.015950361328124885,US_TECH,US Technology,2025-10-11 21:01:02.294961
INTC,2025-10-17,0.75846595703125,0.6982452050781252,0.06022075195312482,US_TECH,US Technology,2025-10-11 21:01:02.294961
CSCO,2025-10-17,0.4576877148437501,0.42318285156249996,0.03450486328125013,US_TECH,US Technology,2025-10-11 21:01:02.294961
QCOM,2025-10-17,0.5786174951171875,0.5065153515625,0.07210214355468747,US_TECH,US Technology,2025-10-11 21:01:02.294961
ADBE,2025-10-17,0.43449458740234376,0.43425044921875,0.00024413818359375616,US_TECH,US Technology,2025-10-11 21:01:02.294961
TXN,2025-10-17,0.5273484765625,0.5311733081054688,-0.003824831542968865,US_TECH,US Technology,2025-10-11 21:01:02.294961
INTU,2025-10-17,0.5641726525878906,0.48470567382812507,0.07946697875976555,US_TECH,US Technology,2025-10-11 21:01:02.294961
IBM,2025-10-17,0.504887763671875,0.4343318286132813,0.07055593505859376,US_TECH,US Technology,2025-10-11 21:01:02.294961
NOW,2025-10-17,0.5416305603027345,0.4943084423828125,0.04732211791992197,US_TECH,US Technology,2025-10-11 21:01:02.294961
BAC,2025-10-17,0.5520878125,0.46419806640625,0.08788974609375005,US_FINANCE,US Financials,2025-10-11 21:01:02.294961
V,2025-10-17,0.39193316406250006,0.3406641455078125,0.05126901855468757,US_FINANCE,US Financials,2025-10-11 21:01:02.294961
JPM,2025-10-17,0.558923681640625,0.4628146166992188,0.0961090649414062,US_FINANCE,US Financials,2025-10-11 21:01:02.294961
MA,2025-10-17,0.5843547424316407,0.3886372985839844,0.19571744384765627,US_FINANCE,US Financials,2025-10-11 21:01:02.294961
WFC,2025-10-17,0.5229539892578126,0.5273484765625001,-0.0043944873046875,US_FINANCE,US Financials,2025-10-11 21:01:02.294961
MS,2025-10-17,0.53320779296875,0.476242216796875,0.056965576171874976,US_FINANCE,US Financials,2025-10-11 21:01:02.294961
BX,2025-10-17,0.514653291015625,0.45508357421875,0.05956971679687495,US_FINANCE,US Financials,2025-10-11 21:01:02.294961
SPGI,2025-10-17,0.6356644506835938,0.537887108154297,0.09777734252929682,US_FINANCE,US Financials,2025-10-11 21:01:02.294961
GS,2025-10-17,0.5449874603271486,0.5257412335205078,0.019246226806640787,US_FINANCE,US Financials,2025-10-11 21:01:02.294961
C,2025-10-17,0.573246455078125,0.51497880859375,0.05826764648437499,US_FINANCE,US Financials,2025-10-11 21:01:02.294961
AXP,2025-10-17,0.5529829858398437,0.5081836291503906,0.04479935668945312,US_FINANCE,US Financials,2025-10-11 21:01:02.294961
CB,2025-10-17,0.49593603027343763,0.40845318115234375,0.08748284912109389,US_FINANCE,US Financials,2025-10-11 21:01:02.294961
BLK,2025-10-17,0.5384567639160157,0.47430945617675785,0.06414730773925786,US_FINANCE,US Financials,2025-10-11 21:01:02.294961
MMC,2025-10-17,0.6473017041015625,0.52539537109375,0.1219063330078125,US_FINANCE,US Financials,2025-10-11 21:01:02.294961
PGR,2025-10-17,0.5616905810546876,0.45972219970703126,0.10196838134765634,US_FINANCE,US Financials,2025-10-11 21:01:02.294961
CME,2025-10-17,0.5112353564453125,0.3505924316406249,0.16064292480468756,US_FINANCE,US Financials,2025-10-11 21:01:02.294961
USB,2025-10-17,0.5498091894531251,0.42904216796875,0.12076702148437507,US_FINANCE,US Financials,2025-10-11 21:01:02.294961
PNC,2025-10-17,0.5620160986328125,0.5196174340820313,0.04239866455078123,US_FINANCE,US Financials,2025-10-11 21:01:02.294961
COF,2025-10-17,0.5539595385742188,0.4855194677734375,0.06844007080078124,US_FINANCE,US Financials,2025-10-11 21:01:02.294961
TFC,2025-10-17,0.6269568554687501,0.5195360546875,0.10742080078125016,US_FINANCE,US Financials,2025-10-11 21:01:02.294961
ABBV,2025-10-17,0.5109098388671875,0.47852083984375,0.03238899902343756,US_HEALTH,US Healthcare,2025-10-11 21:01:02.294961
JNJ,2025-10-17,0.43815666015625004,0.36524072265624996,0.07291593750000008,US_HEALTH,US Healthcare,2025-10-11 21:01:02.294961
UNH,2025-10-17,0.47217324707031255,0.44141183593749994,0.03076141113281261,US_HEALTH,US Healthcare,2025-10-11 21:01:02.294961
MRK,2025-10-17,0.47070841796875,0.38867798828124994,0.08203042968750007,US_HEALTH,US Healthcare,2025-10-11 21:01:02.294961
LLY,2025-10-17,0.5339605523681642,0.48462429443359384,0.04933625793457036,US_HEALTH,US Healthcare,2025-10-11 21:01:02.294961
ABT,2025-10-17,0.52539537109375,0.5571333349609375,-0.031737963867187524,US_HEALTH,US Healthcare,2025-10-11 21:01:02.294961
TMO,2025-10-17,0.6170692590332032,0.5543257458496094,0.06274351318359384,US_HEALTH,US Healthcare,2025-10-11 21:01:02.294961
DHR,2025-10-17,0.5947306152343751,0.560876787109375,0.03385382812500004,US_HEALTH,US Healthcare,2025-10-11 21:01:02.294961
BMY,2025-10-17,0.48372912109375,0.5143277734375,-0.030598652343750032,US_HEALTH,US Healthcare,2025-10-11 21:01:02.294961
PFE,2025-10-17,0.41146421875,0.4687553125000001,-0.05729109375000008,US_HEALTH,US Healthcare,2025-10-11 21:01:02.294961
AMGN,2025-10-17,0.6499872241210939,0.42302009277343755,0.22696713134765634,US_HEALTH,US Healthcare,2025-10-11 21:01:02.294961
CVS,2025-10-17,0.48893740234375,0.408860078125,0.08007732421874997,US_HEALTH,US Healthcare,2025-10-11 21:01:02.294961
ISRG,2025-10-17,0.5129443237304688,0.5402471105957032,-0.027302786865234352,US_HEALTH,US Healthcare,2025-10-11 21:01:02.294961
GILD,2025-10-17,0.54167125,0.47559118164062497,0.06608006835937508,US_HEALTH,US Healthcare,2025-10-11 21:01:02.294961
VRTX,2025-10-17,0.5896037133789063,0.5782919775390626,0.011311735839843684,US_HEALTH,US Healthcare,2025-10-11 21:01:02.294961
CI,2025-10-17,0.5707236938476563,0.4767304931640625,0.09399320068359379,US_HEALTH,US Healthcare,2025-10-11 21:01:02.294961
REGN,2025-10-17,0.42257250610351565,0.5775595629882814,-0.15498705688476572,US_HEALTH,US Healthcare,2025-10-11 21:01:02.294961
ELV,2025-10-17,0.4995167236328125,0.49540706420898445,0.0041096594238280715,US_HEALTH,US Healthcare,2025-10-11 21:01:02.294961
ZTS,2025-10-17,0.5009815527343751,0.532231240234375,-0.0312496874999999,US_HEALTH,US Healthcare,2025-10-11 21:01:02.294961
MCK,2025-10-17,0.5304815832519532,0.3893697131347656,0.14111187011718757,US_HEALTH,US Healthcare,2025-10-11 21:01:02.294961
HD,2025-10-17,0.4411676977539063,0.36979796875,0.07136972900390631,US_CONSUMER,US Consumer,2025-10-11 21:01:02.294961
AMZN,2025-10-17,0.5207567456054688,0.395839375,0.12491737060546881,US_CONSUMER,US Consumer,2025-10-11 21:01:02.294961
COST,2025-10-17,0.5185391571044922,0.3528710546875,0.16566810241699215,US_CONSUMER,US Consumer,2025-10-11 21:01:02.294961
WMT,2025-10-17,0.44336494140625,0.40820904296875,0.0351558984375,US_CONSUMER,US Consumer,2025-10-11 21:01:02.294961
TSLA,2025-10-17,0.6602817175292969,0.5677940356445312,0.09248768188476564,US_CONSUMER,US Consumer,2025-10-11 21:01:02.294961
NKE,2025-10-17,0.48828636718750007,0.47201048828125,0.016275878906250096,US_CONSUMER,US Consumer,2025-10-11 21:01:02.294961
MCD,2025-10-17,0.4939829248046875,0.4012917944335937,0.09269113037109378,US_CONSUMER,US Consumer,2025-10-11 21:01:02.294961
TGT,2025-10-17,0.45052632812500004,0.4518283984375,-0.0013020703124999589,US_CONSUMER,US Consumer,2025-10-11 21:01:02.294961
LOW,2025-10-17,0.5129443237304687,0.49951672363281246,0.013427600097656256,US_CONSUMER,US Consumer,2025-10-11 21:01:02.294961
SBUX,2025-10-17,0.44922425781249997,0.43425044921875,0.014973808593749971,US_CONSUMER,US Consumer,2025-10-11 21:01:02.294961
DIS,2025-10-17,0.513025703125,0.3779359082031249,0.13508979492187506,US_CONSUMER,US Consumer,2025-10-11 21:01:02.294961
ABNB,2025-10-17,0.4409235595703125,0.471359453125,-0.03043589355468751,US_CONSUMER,US Consumer,2025-10-11 21:01:02.294961
GM,2025-10-17,0.5083056982421875,0.45573460937500004,0.05257108886718748,US_CONSUMER,US Consumer,2025-10-11 21:01:02.294961
F,2025-10-17,0.45313046875,0.437505625,0.015624843750000006,US_CONSUMER,US Consumer,2025-10-11 21:01:02.294961
BKNG,2025-10-17,0.5594729925537111,0.45446814254760753,0.10500485000610355,US_CONSUMER,US Consumer,2025-10-11 21:01:02.294961
MAR,2025-10-17,0.6687044848632813,0.5505416040039063,0.11816288085937499,US_CONSUMER,US Consumer,2025-10-11 21:01:02.294961
YUM,2025-10-17,0.5127001855468749,0.44873598144531246,0.06396420410156245,US_CONSUMER,US Consumer,2025-10-11 21:01:02.294961
ORLY,2025-10-17,0.6445348046875,0.32520206054687495,0.31933274414062507,US_CONSUMER,US Consumer,2025-10-11 21:01:02.294961
CMG,2025-10-17,0.43229734375,0.42513595703125,0.007161386718749996,US_CONSUMER,US Consumer,2025-10-11 21:01:02.294961
ROST,2025-10-17,0.6159706372070314,0.6653679296875,-0.049397292480468646,US_CONSUMER,US Consumer,2025-10-11 21:01:02.294961
CVX,2025-10-17,0.411138701171875,0.4362035546875,-0.025064853515624985,US_ENERGY,US Energy & Materials,2025-10-11 21:01:02.294961
XOM,2025-10-17,0.4687553125000001,0.3346420703125,0.1341132421875001,US_ENERGY,US Energy & Materials,2025-10-11 21:01:02.294961
COP,2025-10-17,0.44173735351562504,0.42285733398437503,0.018880019531250014,US_ENERGY,US Energy & Materials,2025-10-11 21:01:02.294961
SLB,2025-10-17,0.523442265625,0.54362435546875,-0.02018208984375003,US_ENERGY,US Energy & Materials,2025-10-11 21:01:02.294961
EOG,2025-10-17,0.6806672558593752,0.6131223583984374,0.06754489746093773,US_ENERGY,US Energy & Materials,2025-10-11 21:01:02.294961
PXD,,,,,US_ENERGY,US Energy & Materials,2025-10-11 21:01:02.294961
MPC,2025-10-17,0.46973186523437505,0.3855041918945313,0.08422767333984377,US_ENERGY,US Energy & Materials,2025-10-11 21:01:02.294961
HAL,2025-10-17,0.7597700260416668,0.549483671875,0.21028635416666674,US_ENERGY,US Energy & Materials,2025-10-11 21:01:02.294961
WMB,2025-10-17,0.8380567244466147,0.7535831933593751,0.08447353108723965,US_ENERGY,US Energy & Materials,2025-10-11 21:01:02.294961
OXY,2025-10-17,0.48047394531250004,0.466151171875,0.014322773437500047,US_ENERGY,US Energy & Materials,2025-10-11 21:01:02.294961
PSX,2025-10-17,0.4194393994140625,0.5408574560546876,-0.1214180566406251,US_ENERGY,US Energy & Materials,2025-10-11 21:01:02.294961
VLO,2025-10-17,0.51758294921875,0.487309814453125,0.030273134765625043,US_ENERGY,US Energy & Materials,2025-10-11 21:01:02.294961
HES,,,,,US_ENERGY,US Energy & Materials,2025-10-11 21:01:02.294961
KMI,2025-10-17,0.5351608984375,0.6914093359375001,-0.15624843750000006,US_ENERGY,US Energy & Materials,2025-10-11 21:01:02.294961
LNG,2025-10-17,0.7138700488281251,0.4448297705078125,0.2690402783203126,US_ENERGY,US Energy & Materials,2025-10-11 21:01:02.294961
FANG,2025-10-17,0.5107470800781251,0.4975636181640626,0.0131834619140625,US_ENERGY,US Energy & Materials,2025-10-11 21:01:02.294961
BKR,2025-10-17,0.5455774609375,0.5185595019531251,0.02701795898437498,US_ENERGY,US Energy & Materials,2025-10-11 21:01:02.294961
DVN,2025-10-17,0.512700185546875,0.4863332617187501,0.026366923828124944,US_ENERGY,US Energy & Materials,2025-10-11 21:01:02.294961
TRGP,2025-10-17,1.0488328808593752,0.5738161108398437,0.47501677001953146,US_ENERGY,US Energy & Materials,2025-10-11 21:01:02.294961
MRO,,,,,US_ENERGY,US Energy & Materials,2025-10-11 21:01:02.294961
GE,2025-10-17,0.47607945800781254,0.4930877514648438,-0.017008293457031254,US_INDUSTRIAL,US Industrials,2025-10-11 21:01:02.294961
RTX,2025-10-17,0.5410202148437502,0.39681592773437496,0.14420428710937522,US_INDUSTRIAL,US Industrials,2025-10-11 21:01:02.294961
CAT,2025-10-17,0.5505009143066406,0.37329728271484375,0.17720363159179686,US_INDUSTRIAL,US Industrials,2025-10-11 21:01:02.294961
BA,2025-10-17,0.5000050000000001,0.439784248046875,0.06022075195312515,US_INDUSTRIAL,US Industrials,2025-10-11 21:01:02.294961
UPS,2025-10-17,0.43229734375,0.43034423828124996,0.0019531054687500493,US_INDUSTRIAL,US Industrials,2025-10-11 21:01:02.294961
HON,2025-10-17,0.6260616821289063,0.47542842285156245,0.1506332592773439,US_INDUSTRIAL,US Industrials,2025-10-11 21:01:02.294961
UNP,2025-10-17,0.5825237060546875,0.43945873046875006,0.14306497558593745,US_INDUSTRIAL,US Industrials,2025-10-11 21:01:02.294961
LMT,2025-10-17,0.5186408813476563,0.4821829125976562,0.03645796875000007,US_INDUSTRIAL,US Industrials,2025-10-11 21:01:02.294961
ADP,2025-10-17,0.5402064208984375,0.476242216796875,0.0639642041015625,US_INDUSTRIAL,US Industrials,2025-10-11 21:01:02.294961
DE,2025-10-17,0.5487512573242188,0.489913955078125,0.05883730224609379,US_INDUSTRIAL,US Industrials,2025-10-11 21:01:02.294961
GD,2025-10-17,0.49023947265625006,0.49308775146484374,-0.002848278808593674,US_INDUSTRIAL,US Industrials,2025-10-11 21:01:02.294961
NOC,2025-10-17,0.5209195043945313,0.5262295098876953,-0.005310005493164072,US_INDUSTRIAL,US Industrials,2025-10-11 21:01:02.294961
ETN,2025-10-17,0.5887085400390626,0.51497880859375,0.07372973144531259,US_INDUSTRIAL,US Industrials,2025-10-11 21:01:02.294961
ITW,2025-10-17,0.3540103662109374,0.40820904296875,-0.05419867675781259,US_INDUSTRIAL,US Industrials,2025-10-11 21:01:02.294961
MMM,2025-10-17,0.5136767382812499,0.45508357421875,0.058593164062499925,US_INDUSTRIAL,US Industrials,2025-10-11 21:01:02.294961
CSX,2025-10-17,1.0852901302083333,0.5117236328125,0.5735664973958333,US_INDUSTRIAL,US Industrials,2025-10-11 21:01:02.294961
EMR,2025-10-17,0.5610395458984375,0.4939829248046875,0.06705662109375005,US_INDUSTRIAL,US Industrials,2025-10-11 21:01:02.294961
NSC,2025-10-17,0.5203498486328125,0.46289599609375,0.057453852539062544,US_INDUSTRIAL,US Industrials,2025-10-11 21:01:02.294961
TT,2025-10-17,0.5092008715820313,0.5150601879882813,-0.005859316406250037,US_INDUSTRIAL,US Industrials,2025-10-11 21:01:02.294961
WM,2025-10-17,0.5419967675781251,0.33301448242187504,0.20898228515625006,US_INDUSTRIAL,US Industrials,2025-10-11 21:01:02.294961
PANW,2025-10-17,0.5133512207031251,0.40186145019531255,0.11148977050781256,US_SMALL_MID,US Small/Mid Caps,2025-10-11 21:01:02.294961
SNOW,2025-10-17,0.5357305541992189,0.5130257031250001,0.022704851074218824,US_SMALL_MID,US Small/Mid Caps,2025-10-11 21:01:02.294961
MRVL,2025-10-17,0.7062203857421875,0.6757844921875001,0.030435893554687343,US_SMALL_MID,US Small/Mid Caps,2025-10-11 21:01:02.294961
PLTR,2025-10-17,0.7622907885742186,0.5725140405273438,0.18977674804687483,US_SMALL_MID,US Small/Mid Caps,2025-10-11 21:01:02.294961
CRWD,2025-10-17,0.5024463818359375,0.49727879028320315,0.00516759155273433,US_SMALL_MID,US Small/Mid Caps,2025-10-11 21:01:02.294961
DDOG,2025-10-17,0.5351608984375,0.5177457080078125,0.017415190429687533,US_SMALL_MID,US Small/Mid Caps,2025-10-11 21:01:02.294961
NET,2025-10-17,0.6479527392578127,0.6151568432617188,0.03279589599609389,US_SMALL_MID,US Small/Mid Caps,2025-10-11 21:01:02.294961
ZS,2025-10-17,0.5428919409179688,0.539067109375,0.003824831542968754,US_SMALL_MID,US Small/Mid Caps,2025-10-11 21:01:02.294961
TEAM,2025-10-17,0.5073291455078125,0.5629926513671876,-0.05566350585937507,US_SMALL_MID,US Small/Mid Caps,2025-10-11 21:01:02.294961
FTNT,2025-10-17,0.5009815527343751,0.42904216796875,0.07193938476562506,US_SMALL_MID,US Small/Mid Caps,2025-10-11 21:01:02.294961
UBER,2025-10-17,0.4518283984375,0.462570478515625,-0.010742080078124994,US_SMALL_MID,US Small/Mid Caps,2025-10-11 21:01:02.294961
LYFT,2025-10-17,0.6796907031250001,0.6181678808593751,0.061522822265625,US_SMALL_MID,US Small/Mid Caps,2025-10-11 21:01:02.294961
DASH,2025-10-17,0.5686078295898438,0.4937387866210938,0.07486904296875002,US_SMALL_MID,US Small/Mid Caps,2025-10-11 21:01:02.294961
SQ,,,,,US_SMALL_MID,US Small/Mid Caps,2025-10-11 21:01:02.294961
RBLX,2025-10-17,0.6171913281250001,0.5727581787109375,0.04443314941406262,US_SMALL_MID,US Small/Mid Caps,2025-10-11 21:01:02.294961
COIN,2025-10-17,0.8260108544921874,0.6946238220214843,0.13138703247070305,US_SMALL_MID,US Small/Mid Caps,2025-10-11 21:01:02.294961
U,2025-10-17,0.7539087109375,0.806968076171875,-0.053059365234375044,US_SMALL_MID,US Small/Mid Caps,2025-10-11 21:01:02.294961
RIVN,2025-10-17,0.5937540625000001,0.648441015625,-0.05468695312499994,US_SMALL_MID,US Small/Mid Caps,2025-10-11 21:01:02.294961
AFRM,2025-10-17,0.7939473730468749,0.698245205078125,0.09570216796874986,US_SMALL_MID,US Small/Mid Caps,2025-10-11 21:01:02.294961
LCID,2025-10-17,0.9166675,0.8561212304687499,0.060546269531250085,US_SMALL_MID,US Small/Mid Caps,2025-10-11 21:01:02.294961
AMC,2025-10-17,0.6875031250000001,0.8750038281250001,-0.187500703125,US_MEME,US Retail Favorites,2025-10-11 21:01:02.294961
BBBY,2025-10-17,0.8906260937499999,1.1640666796875,-0.2734405859375002,US_MEME,US Retail Favorites,2025-10-11 21:01:02.294961
BB,2025-10-17,0.6093789062500001,0.804689453125,-0.19531054687499982,US_MEME,US Retail Favorites,2025-10-11 21:01:02.294961
NOK,2025-10-17,0.51562984375,0.64062859375,-0.12499875000000005,US_MEME,US Retail Favorites,2025-10-11 21:01:02.294961
GME,2025-10-17,0.20834125,0.166675,0.041666250000000016,US_MEME,US Retail Favorites,2025-10-11 21:01:02.294961
WISH,,,,,US_MEME,US Retail Favorites,2025-10-11 21:01:02.294961
SPCE,2025-10-17,1.484377578125,1.4921900390624998,-0.007812460937499877,US_MEME,US Retail Favorites,2025-10-11 21:01:02.294961
CLOV,2025-10-17,0.804689453125,1.125004375,-0.3203149218750001,US_MEME,US Retail Favorites,2025-10-11 21:01:02.294961
SOFI,2025-10-17,0.8645846875,0.7955749609374999,0.06900972656250004,US_MEME,US Retail Favorites,2025-10-11 21:01:02.294961
HOOD,2025-10-17,0.8167336035156249,0.6691113818359377,0.1476222216796872,US_MEME,US Retail Favorites,2025-10-11 21:01:02.294961
PLTR,2025-10-17,0.7622907885742186,0.5725140405273438,0.18977674804687483,US_MEME,US Retail Favorites,2025-10-11 21:01:02.294961
RIVN,2025-10-17,0.5937540625000001,0.648441015625,-0.05468695312499994,US_MEME,US Retail Favorites,2025-10-11 21:01:02.294961
NIO,2025-10-17,0.92187578125,0.9531254687499999,-0.0312496874999999,US_MEME,US Retail Favorites,2025-10-11 21:01:02.294961
LCID,2025-10-17,0.9166675,0.8561212304687499,0.060546269531250085,US_MEME,US Retail Favorites,2025-10-11 21:01:02.294961
AFRM,2025-10-17,0.7939473730468749,0.698245205078125,0.09570216796874986,US_MEME,US Retail Favorites,2025-10-11 21:01:02.294961
RBLX,2025-10-17,0.6171913281250001,0.5727581787109375,0.04443314941406262,US_MEME,US Retail Favorites,2025-10-11 21:01:02.294961
DKNG,2025-10-17,0.585941640625,0.60937890625,-0.023437265625000037,US_MEME,US Retail Favorites,2025-10-11 21:01:02.294961
COIN,2025-10-17,0.8260108544921874,0.6946238220214843,0.13138703247070305,US_MEME,US Retail Favorites,2025-10-11 21:01:02.294961
SKLZ,2025-10-17,0.726565234375,0.85937640625,-0.13281117187500002,US_MEME,US Retail Favorites,2025-10-11 21:01:02.294961
OPEN,2025-10-17,1.2265663671875,1.3789093554687497,-0.1523429882812497,US_MEME,US Retail Favorites,2025-10-11 21:01:02.294961
EEM,2025-10-17,0.47005738281250004,0.52148916015625,-0.051431777343749985,ETF_MAJOR,Major ETFs,2025-10-11 21:01:02.294961
IWM,2025-10-13,0.479171875,0.3554751953125,0.12369667968750003,ETF_MAJOR,Major ETFs,2025-10-11 21:01:02.294961
SPY,2025-10-13,0.456060126953125,0.36458968750000004,0.09147043945312494,ETF_MAJOR,Major ETFs,2025-10-11 21:01:02.294961
EFA,2025-10-17,0.8012715185546875,0.8364274169921875,-0.0351558984375,ETF_MAJOR,Major ETFs,2025-10-11 21:01:02.294961
DIA,2025-10-17,0.39665316894531255,0.278653046875,0.11800012207031257,ETF_MAJOR,Major ETFs,2025-10-11 21:01:02.294961
QQQ,2025-10-13,0.48438015625,0.33594414062499994,0.14843601562500008,ETF_MAJOR,Major ETFs,2025-10-11 21:01:02.294961
SLV,2025-10-13,0.5625043750000001,0.5403691796875001,0.022135195312499967,ETF_MAJOR,Major ETFs,2025-10-11 21:01:02.294961
GLD,2025-10-13,0.5201870898437501,0.46777875976562505,0.05240833007812501,ETF_MAJOR,Major ETFs,2025-10-11 21:01:02.294961
TLT,2025-10-13,0.49479671875,0.3242255078125,0.1705712109375,ETF_MAJOR,Major ETFs,2025-10-11 21:01:02.294961
HYG,2025-10-17,0.37761039062499996,0.34050138671875,0.03710900390624994,ETF_MAJOR,Major ETFs,2025-10-11 21:01:02.294961
XLE,2025-10-17,0.65169619140625,0.6474664046223959,0.004229786783854106,ETF_MAJOR,Major ETFs,2025-10-11 21:01:02.294961
XLF,2025-10-17,0.6699251757812501,0.43164630859375,0.23827886718750008,ETF_MAJOR,Major ETFs,2025-10-11 21:01:02.294961
XLK,2025-10-17,0.5191291577148437,0.3947814428710938,0.1243477148437499,ETF_MAJOR,Major ETFs,2025-10-11 21:01:02.294961
XLV,2025-10-17,0.5929402685546875,0.3086006640625,0.28433960449218754,ETF_MAJOR,Major ETFs,2025-10-11 21:01:02.294961
XLI,2025-10-17,0.986492733561198,0.6421748022460937,0.34431793131510435,ETF_MAJOR,Major ETFs,2025-10-11 21:01:02.294961
XLY,2025-10-17,0.8596205444335938,0.624678232421875,0.23494231201171878,ETF_MAJOR,Major ETFs,2025-10-11 21:01:02.294961
XLP,2025-10-17,1.066247344563802,0.3554751953125,0.7107721492513022,ETF_MAJOR,Major ETFs,2025-10-11 21:01:02.294961
XLRE,2025-10-17,1.0732455859375,0.5805706005859375,0.4926749853515626,ETF_MAJOR,Major ETFs,2025-10-11 21:01:02.294961
XLC,2025-10-17,0.8785856429036457,0.9690775675455731,-0.09049192464192735,ETF_MAJOR,Major ETFs,2025-10-11 21:01:02.294961
XLU,2025-10-17,0.5480188427734375,0.35547519531249994,0.19254364746093755,ETF_MAJOR,Major ETFs,2025-10-11 21:01:02.294961
